meter_id,2017-01-01,2017-01-02,2017-01-03,2017-01-04,2017-01-05,2017-01-06,2017-01-07,2017-01-08,2017-01-09,2017-01-10,2017-01-11,2017-01-12,2017-01-13,2017-01-14,2017-01-15,2017-01-16,2017-01-17,2017-01-18,2017-01-19,2017-01-20,2017-01-21,2017-01-22,2017-01-23,2017-01-24,2017-01-25,2017-01-26,2017-01-27,2017-01-28,2017-01-29,2017-01-30,2017-01-31,2017-02-01,2017-02-02,2017-02-03,2017-02-04,2017-02-05,2017-02-06,2017-02-07,2017-02-08,2017-02-09,2017-02-10,2017-02-11,2017-02-12,2017-02-13,2017-02-14,2017-02-15,2017-02-16,2017-02-17,2017-02-18,2017-02-19,2017-02-20,2017-02-21,2017-02-22,2017-02-23,2017-02-24,2017-02-25,2017-02-26,2017-02-27,2017-02-28,2017-03-01,2017-03-02,2017-03-03,2017-03-04,2017-03-05,2017-03-06,2017-03-07,2017-03-08,2017-03-09,2017-03-10,2017-03-11,2017-03-12,2017-03-13,2017-03-14,2017-03-15,2017-03-16,2017-03-17,2017-03-18,2017-03-19,2017-03-20,2017-03-21,2017-03-22,2017-03-23,2017-03-24,2017-03-25,2017-03-26,2017-03-27,2017-03-28,2017-03-29,2017-03-30,2017-03-31,2017-04-01,2017-04-02,2017-04-03,2017-04-04,2017-04-05,2017-04-06,2017-04-07,2017-04-08,2017-04-09,2017-04-10,2017-04-11,2017-04-12,2017-04-13,2017-04-14,2017-04-15,2017-04-16,2017-04-17,2017-04-18,2017-04-19,2017-04-20,2017-04-21,2017-04-22,2017-04-23,2017-04-24,2017-04-25,2017-04-26,2017-04-27,2017-04-28,2017-04-29,2017-04-30,2017-05-01,2017-05-02,2017-05-03,2017-05-04,2017-05-05,2017-05-06,2017-05-07,2017-05-08,2017-05-09,2017-05-10,2017-05-11,2017-05-12,2017-05-13,2017-05-14,2017-05-15,2017-05-16,2017-05-17,2017-05-18,2017-05-19,2017-05-20,2017-05-21,2017-05-22,2017-05-23,2017-05-24,2017-05-25,2017-05-26,2017-05-27,2017-05-28,2017-05-29,2017-05-30,2017-05-31,2017-06-01,2017-06-02,2017-06-03,2017-06-04,2017-06-05,2017-06-06,2017-06-07,2017-06-08,2017-06-09,2017-06-10,2017-06-11,2017-06-12,2017-06-13,2017-06-14,2017-06-15,2017-06-16,2017-06-17,2017-06-18,2017-06-19,2017-06-20,2017-06-21,2017-06-22,2017-06-23,2017-06-24,2017-06-25,2017-06-26,2017-06-27,2017-06-28,2017-06-29,2017-06-30,2017-07-01,2017-07-02,2017-07-03,2017-07-04,2017-07-05,2017-07-06,2017-07-07,2017-07-08,2017-07-09,2017-07-10,2017-07-11,2017-07-12,2017-07-13,2017-07-14,2017-07-15,2017-07-16,2017-07-17,2017-07-18,2017-07-19,2017-07-20,2017-07-21,2017-07-22,2017-07-23,2017-07-24,2017-07-25,2017-07-26,2017-07-27,2017-07-28,2017-07-29,2017-07-30,2017-07-31,2017-08-01,2017-08-02,2017-08-03,2017-08-04,2017-08-05,2017-08-06,2017-08-07,2017-08-08,2017-08-09,2017-08-10,2017-08-11,2017-08-12,2017-08-13,2017-08-14,2017-08-15,2017-08-16,2017-08-17,2017-08-18,2017-08-19,2017-08-20,2017-08-21,2017-08-22,2017-08-23,2017-08-24,2017-08-25,2017-08-26,2017-08-27,2017-08-28,2017-08-29,2017-08-30,2017-08-31,2017-09-01,2017-09-02,2017-09-03,2017-09-04,2017-09-05,2017-09-06,2017-09-07,2017-09-08,2017-09-09,2017-09-10,2017-09-11,2017-09-12,2017-09-13,2017-09-14,2017-09-15,2017-09-16,2017-09-17,2017-09-18,2017-09-19,2017-09-20,2017-09-21,2017-09-22,2017-09-23,2017-09-24,2017-09-25,2017-09-26,2017-09-27,2017-09-28,2017-09-29,2017-09-30,2017-10-01,2017-10-02,2017-10-03,2017-10-04,2017-10-05,2017-10-06,2017-10-07,2017-10-08,2017-10-09,2017-10-10,2017-10-11,2017-10-12,2017-10-13,2017-10-14,2017-10-15,2017-10-16,2017-10-17,2017-10-18,2017-10-19,2017-10-20,2017-10-21,2017-10-22,2017-10-23,2017-10-24,2017-10-25,2017-10-26,2017-10-27,2017-10-28,2017-10-29,2017-10-30,2017-10-31,2017-11-01,2017-11-02,2017-11-03,2017-11-04,2017-11-05,2017-11-06,2017-11-07,2017-11-08,2017-11-09,2017-11-10,2017-11-11,2017-11-12,2017-11-13,2017-11-14,2017-11-15,2017-11-16,2017-11-17,2017-11-18,2017-11-19,2017-11-20,2017-11-21,2017-11-22,2017-11-23,2017-11-24,2017-11-25,2017-11-26,2017-11-27,2017-11-28,2017-11-29,2017-11-30,2017-12-01,2017-12-02,2017-12-03,2017-12-04,2017-12-05,2017-12-06,2017-12-07,2017-12-08,2017-12-09,2017-12-10,2017-12-11,2017-12-12,2017-12-13,2017-12-14,2017-12-15,2017-12-16,2017-12-17,2017-12-18,2017-12-19,2017-12-20,2017-12-21,2017-12-22,2017-12-23,2017-12-24,2017-12-25,2017-12-26,2017-12-27,2017-12-28,2017-12-29,2017-12-30,2017-12-31
0x3370de120048d9de744f88357b61d1e8225b0ce5,1.3,-0.1,-0.2,1.0,-1.5,-0.7,5.0,6.6,3.1,3.3,4.8,0.5,0.2,-0.5,0.3,2.3,-0.1,0.0,2.8,-2.7,-1.4,-3.4,0.2,-0.9,-0.1,-4.4,-4.6,2.5,0.6,3.9,4.3,6.2,9.1,6.0,1.6,0.6,-1.6,2.2,2.0,1.1,1.0,0.4,2.2,2.7,1.0,5.9,5.0,5.8,4.0,5.5,9.7,7.0,7.8,3.8,2.8,4.7,8.3,2.3,0.8,1.6,2.5,3.4,6.1,4.1,2.5,1.8,5.9,3.5,4.0,8.6,7.9,3.8,6.1,5.3,5.4,3.7,10.3,11.0,5.8,3.4,3.2,4.3,4.3,3.8,5.5,4.4,3.8,9.7,11.2,9.3,6.8,4.3,4.9,6.0,2.8,2.9,2.5,1.4,4.6,5.3,3.6,6.1,3.2,6.3,5.8,5.2,5.1,1.4,-0.1,5.5,5.4,6.2,4.1,2.5,-0.9,1.5,-0.2,2.8,7.5,6.7,7.2,4.3,7.4,8.6,8.6,8.6,7.5,7.8,3.2,-0.4,2.2,9.0,10.2,9.3,7.3,14.4,10.6,9.2,9.0,8.6,8.1,8.1,10.3,10.4,11.3,9.7,12.7,12.1,14.1,13.7,11.5,11.4,13.3,13.6,8.6,9.0,11.1,11.5,12.0,11.5,11.8,13.4,11.7,11.7,10.0,12.3,12.1,15.2,14.2,17.4,14.3,13.8,13.5,12.1,14.4,12.7,8.8,12.9,11.1,10.9,12.1,13.3,11.8,10.9,12.1,11.3,13.9,15.3,14.7,12.1,14.6,12.0,10.4,9.7,13.4,12.6,13.8,9.0,12.7,16.7,11.2,11.0,11.9,10.6,13.7,12.6,12.5,11.9,12.3,14.0,13.2,12.1,12.4,13.2,15.1,12.5,10.3,7.1,14.7,12.9,12.0,10.1,8.0,13.0,8.8,11.9,12.3,8.9,13.9,11.3,8.9,10.0,10.1,14.4,14.5,11.2,9.3,14.7,10.7,12.9,12.9,10.6,7.1,7.6,7.3,10.9,12.7,14.0,11.1,9.5,10.4,9.5,7.8,10.3,9.7,8.9,7.7,6.4,8.3,6.9,8.7,7.7,7.3,10.3,5.4,12.3,11.8,13.2,12.4,7.5,12.8,11.0,9.0,13.0,10.2,9.4,9.4,8.5,6.5,10.0,8.3,8.4,12.0,11.8,8.9,10.4,14.0,10.9,11.9,10.0,9.9,13.3,10.3,11.5,7.4,7.7,12.5,9.2,8.7,5.7,5.7,5.3,1.5,6.5,6.2,5.0,6.8,5.1,2.6,-0.8,4.6,1.4,2.4,6.0,3.8,3.2,1.8,4.4,7.6,1.4,-1.0,2.4,0.0,4.5,10.3,12.5,5.3,0.6,0.1,2.0,2.9,1.1,0.6,-0.3,0.7,1.8,4.5,1.0,6.9,7.2,2.8,-0.2,-1.4,-1.8,-0.9,-2.0,0.8,1.4,1.1,-0.2,-2.8,0.3,-0.4,4.7,7.7,7.2,7.1,7.3,8.7,2.7,0.6,-0.2,-1.5,3.3,6.3
0xed796ea8cc6535eff1a9afa08a28a096b309b784,1.3,0.0,-2.0,1.9,-1.3,-2.1,5.3,5.7,3.0,4.0,5.0,1.2,0.2,-0.2,1.1,2.6,0.6,1.7,4.6,-1.2,0.4,-3.7,-1.1,-2.9,-2.4,-4.3,-3.7,1.4,-0.7,4.6,4.1,5.8,9.0,5.0,0.2,1.5,-3.1,3.7,1.9,1.1,0.8,0.8,2.5,2.3,1.1,6.0,3.7,6.7,4.3,5.9,9.9,5.7,7.4,4.5,3.4,4.5,7.5,1.1,0.8,0.3,1.0,2.2,6.0,3.6,3.6,2.3,4.6,3.4,2.6,6.6,8.1,4.3,4.5,5.4,5.3,3.4,11.1,11.5,5.9,2.9,3.9,4.6,4.3,2.1,4.0,5.4,4.6,9.5,11.9,9.1,6.1,4.3,4.6,6.4,2.3,4.4,4.7,1.9,4.3,5.9,4.2,6.7,4.6,7.1,6.5,5.3,6.0,1.7,0.3,4.7,6.4,5.9,5.1,3.5,0.3,2.1,0.9,3.9,7.0,7.4,8.5,6.1,6.3,7.9,7.6,8.6,7.5,8.0,3.5,0.6,3.8,8.0,9.4,8.9,6.3,14.0,10.1,8.5,9.2,8.3,6.9,7.9,9.9,12.4,12.2,11.4,13.2,13.7,13.0,13.5,10.6,11.8,13.0,12.4,8.4,7.6,11.1,11.1,12.2,10.8,12.3,12.8,11.7,12.2,11.1,12.6,13.2,13.7,16.3,17.3,13.9,12.9,15.6,12.9,15.1,13.4,9.9,13.0,10.9,11.0,13.2,13.3,11.7,11.1,12.3,11.5,13.8,15.6,13.8,11.5,15.1,11.8,10.5,10.0,13.7,13.1,14.0,10.4,13.8,16.3,10.4,10.1,11.8,11.8,13.8,12.6,12.7,11.1,11.9,13.7,13.1,11.9,12.1,13.4,14.8,13.9,10.4,8.1,13.5,12.7,11.1,8.6,7.9,14.1,10.0,12.0,12.7,9.2,14.1,10.4,8.4,9.7,10.3,16.0,12.7,10.1,9.6,15.4,10.2,12.5,12.8,11.5,8.8,8.0,7.9,10.7,12.6,13.1,11.0,9.3,10.2,9.5,6.2,10.5,9.7,7.9,7.7,6.9,8.7,7.5,9.0,7.5,5.7,8.3,4.1,11.7,10.4,13.5,11.5,10.6,11.6,10.0,7.1,12.9,11.1,10.0,10.4,9.5,7.2,10.1,8.5,9.1,11.9,10.9,8.9,9.9,12.5,10.2,11.2,9.4,9.9,13.0,9.6,11.6,7.8,7.5,11.8,9.9,8.8,4.8,5.2,5.1,2.8,5.6,5.5,4.3,7.0,5.3,3.4,-1.6,4.4,0.4,2.0,6.5,3.3,3.0,1.7,4.1,8.0,1.7,-1.5,1.9,-0.1,4.7,10.3,12.5,4.2,-0.1,-0.3,0.8,3.6,2.5,0.9,-0.1,1.0,1.2,4.5,-1.0,6.8,7.4,2.6,-0.1,-2.8,-3.1,-0.7,-2.2,1.6,1.1,1.3,-0.4,-4.3,0.6,-0.3,6.1,7.1,4.7,5.4,8.3,6.2,2.9,0.1,-0.7,-3.7,3.0,5.8
0xb9c600842cb2d195d461d675f2758ddbf5bb45bb,1.0,0.0,-0.4,1.9,-0.5,-0.6,5.0,7.4,3.5,4.1,5.4,0.9,0.3,-0.7,1.7,2.7,2.3,3.9,5.3,-1.0,-0.2,-3.4,0.1,1.7,-2.6,-3.0,-4.1,1.6,1.0,4.2,3.7,5.2,7.9,5.6,-0.4,0.3,-1.3,2.3,1.4,0.5,0.3,0.3,1.7,2.4,1.3,5.4,5.4,6.2,4.7,7.6,9.9,6.6,7.4,3.5,2.1,5.7,8.1,1.3,0.7,1.6,1.2,2.4,5.7,2.9,3.7,2.4,6.3,5.1,4.4,8.1,8.2,4.1,6.1,6.8,6.9,4.1,10.6,11.1,5.7,3.0,3.6,2.3,3.3,0.5,3.5,4.8,4.6,9.2,12.4,9.7,5.3,5.4,3.7,7.1,4.6,4.9,4.6,3.4,5.6,5.7,4.6,7.3,4.7,7.0,6.1,5.2,5.3,0.9,2.8,6.5,7.3,6.6,5.5,3.0,-0.1,1.7,1.8,4.1,6.6,6.9,7.3,5.5,5.9,6.6,5.7,8.0,5.8,7.3,4.3,3.8,3.0,7.3,10.1,10.5,6.8,14.5,9.6,7.4,9.1,8.3,7.7,8.4,10.7,12.6,14.2,12.2,13.6,14.9,12.3,13.0,10.0,11.9,14.6,12.5,8.5,9.1,10.9,10.5,12.3,11.1,12.5,13.3,12.1,11.9,12.5,13.6,13.2,15.7,16.9,17.3,13.4,12.6,14.6,13.7,14.6,13.0,10.2,12.5,10.2,10.5,13.1,12.6,11.1,12.3,13.4,13.3,13.1,15.3,12.9,13.3,14.7,11.7,11.4,10.3,13.7,13.2,13.8,10.6,13.5,15.2,12.2,11.1,11.7,10.5,13.3,12.4,12.4,11.6,12.0,13.7,12.7,12.5,13.1,14.3,14.6,13.4,12.0,10.9,13.1,12.1,11.0,8.9,10.5,13.1,9.5,11.8,13.7,10.2,14.1,11.0,9.4,10.3,10.3,15.6,14.4,12.0,12.4,14.8,11.9,12.9,12.8,11.1,8.7,8.9,8.2,10.2,12.3,12.2,11.0,10.8,11.9,10.2,9.1,10.7,9.8,8.8,7.5,6.8,9.2,7.7,9.3,7.2,9.0,9.6,7.9,11.5,9.5,12.7,12.8,12.5,11.3,11.4,9.3,12.4,10.6,9.6,9.9,9.2,6.7,10.0,9.3,11.2,12.3,11.1,8.7,12.1,12.5,10.9,10.5,10.9,9.5,12.3,9.7,10.5,7.9,8.6,12.3,11.2,9.9,6.6,5.7,4.5,3.0,6.7,7.9,6.3,7.9,5.8,3.0,0.5,4.9,4.0,4.4,6.8,4.9,3.6,1.8,5.4,9.1,3.8,1.8,2.9,1.5,5.8,10.6,12.8,5.1,2.2,0.5,1.3,2.4,1.8,0.5,-0.2,0.4,1.9,5.0,2.7,6.9,7.6,2.9,0.1,-1.7,-2.9,-1.7,-2.8,1.7,0.9,1.1,0.0,-1.5,1.4,1.7,6.1,7.9,7.2,7.1,8.2,4.8,2.5,-0.5,-2.0,-1.7,2.3,5.5
0x0a68e0f81509913d6b6bbfa3ad2fc63df28eca34,2.0,-0.1,-0.6,1.4,-0.4,-0.8,4.6,5.6,3.6,3.2,4.9,0.0,-0.1,-0.6,2.2,3.8,3.6,4.1,5.4,-0.1,-0.6,-3.1,-1.0,-2.2,0.4,-2.6,-4.0,2.5,-0.9,4.3,3.8,7.8,9.1,5.6,1.2,0.6,-1.8,2.9,1.4,0.3,0.1,0.0,1.3,2.0,0.5,6.0,4.7,6.6,4.7,7.6,9.5,7.3,7.2,3.3,1.9,5.3,7.1,1.1,0.4,1.4,0.7,3.3,5.7,3.2,3.2,2.2,6.3,5.3,4.9,8.9,7.4,3.3,6.3,6.3,5.7,3.1,10.2,10.3,5.2,2.0,1.4,1.2,2.3,0.1,2.1,4.2,5.1,9.1,11.9,9.8,7.6,5.3,2.5,6.9,4.0,4.0,4.2,2.0,6.2,5.0,4.5,6.9,4.1,6.8,5.9,5.8,5.1,1.8,3.6,8.0,7.8,5.5,5.1,1.7,-0.8,2.6,1.3,5.6,7.2,7.9,6.9,5.8,5.3,5.9,5.5,7.3,5.9,5.8,4.4,2.6,3.3,7.5,10.1,9.9,9.1,14.2,9.5,7.4,8.7,7.4,6.5,9.1,9.9,11.6,14.0,12.1,12.7,14.4,12.6,13.2,10.2,13.7,13.5,11.3,8.2,8.5,10.1,9.6,11.9,10.3,11.9,11.9,12.0,11.3,10.7,13.7,11.7,15.2,15.0,17.1,14.8,12.0,13.6,13.0,14.5,12.5,10.6,11.8,10.2,10.4,12.1,12.9,11.2,11.9,13.4,11.9,13.3,15.3,12.5,13.2,13.5,11.5,11.3,10.4,13.1,12.8,12.7,10.8,13.4,15.3,11.8,12.3,11.6,10.8,12.9,11.1,12.3,11.2,12.5,12.2,12.0,11.7,11.8,13.2,14.1,13.6,11.8,9.6,12.3,11.8,11.2,9.3,9.7,12.2,8.8,10.7,12.8,9.3,13.9,10.4,9.5,9.9,12.1,15.4,13.6,11.1,10.8,14.5,10.9,13.5,12.6,9.9,8.0,9.4,8.8,9.2,12.6,11.5,10.9,10.8,11.4,9.7,9.0,10.4,10.2,8.3,7.5,6.7,9.2,8.4,9.1,6.4,8.4,8.5,4.6,12.3,9.2,13.4,12.5,12.9,12.3,10.3,7.8,12.5,10.3,9.9,9.1,9.7,6.9,10.4,8.6,11.3,12.4,10.6,7.5,11.9,13.9,12.3,11.8,9.9,9.1,11.1,10.4,11.2,8.2,7.9,11.8,10.6,9.7,6.4,6.1,4.2,2.5,6.8,7.2,6.0,8.5,4.5,3.2,1.4,5.4,3.0,4.8,5.9,5.0,3.3,0.9,6.2,8.6,3.4,0.8,2.9,1.4,5.4,10.6,12.0,4.5,1.0,0.7,1.7,2.2,1.7,0.0,-0.6,1.5,1.8,5.1,3.8,6.5,7.2,2.3,-0.7,-1.2,-1.9,-2.2,-3.4,0.4,1.8,0.7,-0.4,-1.4,2.3,1.2,6.1,8.5,7.7,7.2,8.0,4.0,2.2,-0.4,-0.8,-2.8,2.8,5.0
0x78a812ecd87a4b945e0d262aec41e0eb2b59fe1e,2.0,-0.1,-0.6,1.4,-0.4,-0.8,4.6,5.6,3.6,3.2,4.9,0.0,-0.1,-0.6,2.2,3.8,3.6,4.1,5.4,-0.1,-0.6,-3.1,-1.0,-2.2,0.4,-2.6,-4.0,2.5,-0.9,4.3,3.8,7.8,9.1,5.6,1.2,0.6,-1.8,2.9,1.4,0.3,0.1,0.0,1.3,2.0,0.5,6.0,4.7,6.6,4.7,7.6,9.5,7.3,7.2,3.3,1.9,5.3,7.1,1.1,0.4,1.4,0.7,3.3,5.7,3.2,3.2,2.2,6.3,5.3,4.9,8.9,7.4,3.3,6.3,6.3,5.7,3.1,10.2,10.3,5.2,2.0,1.4,1.2,2.3,0.1,2.1,4.2,5.1,9.1,11.9,9.8,7.6,5.3,2.5,6.9,4.0,4.0,4.2,2.0,6.2,5.0,4.5,6.9,4.1,6.8,5.9,5.8,5.1,1.8,3.6,8.0,7.8,5.5,5.1,1.7,-0.8,2.6,1.3,5.6,7.2,7.9,6.9,5.8,5.3,5.9,5.5,7.3,5.9,5.8,4.4,2.6,3.3,7.5,10.1,9.9,9.1,14.2,9.5,7.4,8.7,7.4,6.5,9.1,9.9,11.6,14.0,12.1,12.7,14.4,12.6,13.2,10.2,13.7,13.5,11.3,8.2,8.5,10.1,9.6,11.9,10.3,11.9,11.9,12.0,11.3,10.7,13.7,11.7,15.2,15.0,17.1,14.8,12.0,13.6,13.0,14.5,12.5,10.6,11.8,10.2,10.4,12.1,12.9,11.2,11.9,13.4,11.9,13.3,15.3,12.5,13.2,13.5,11.5,11.3,10.4,13.1,12.8,12.7,10.8,13.4,15.3,11.8,12.3,11.6,10.8,12.9,11.1,12.3,11.2,12.5,12.2,12.0,11.7,11.8,13.2,14.1,13.6,11.8,9.6,12.3,11.8,11.2,9.3,9.7,12.2,8.8,10.7,12.8,9.3,13.9,10.4,9.5,9.9,12.1,15.4,13.6,11.1,10.8,14.5,10.9,13.5,12.6,9.9,8.0,9.4,8.8,9.2,12.6,11.5,10.9,10.8,11.4,9.7,9.0,10.4,10.2,8.3,7.5,6.7,9.2,8.4,9.1,6.4,8.4,8.5,4.6,12.3,9.2,13.4,12.5,12.9,12.3,10.3,7.8,12.5,10.3,9.9,9.1,9.7,6.9,10.4,8.6,11.3,12.4,10.6,7.5,11.9,13.9,12.3,11.8,9.9,9.1,11.1,10.4,11.2,8.2,7.9,11.8,10.6,9.7,6.4,6.1,4.2,2.5,6.8,7.2,6.0,8.5,4.5,3.2,1.4,5.4,3.0,4.8,5.9,5.0,3.3,0.9,6.2,8.6,3.4,0.8,2.9,1.4,5.4,10.6,12.0,4.5,1.0,0.7,1.7,2.2,1.7,0.0,-0.6,1.5,1.8,5.1,3.8,6.5,7.2,2.3,-0.7,-1.2,-1.9,-2.2,-3.4,0.4,1.8,0.7,-0.4,-1.4,2.3,1.2,6.1,8.5,7.7,7.2,8.0,4.0,2.2,-0.4,-0.8,-2.8,2.8,5.0
0x9149cd4404395f8d1088ea53b9a83d7e55ef8d6e,1.3,0.5,0.4,1.0,-3.0,-2.1,5.9,5.4,4.2,4.2,5.3,0.6,0.6,0.8,1.7,4.4,4.1,4.1,5.1,-1.3,-3.0,-3.4,-1.2,-3.8,0.0,-2.2,-3.7,3.1,-0.4,4.7,4.5,7.7,9.9,4.7,1.8,0.0,-2.9,3.5,2.1,0.4,0.4,0.2,1.8,1.9,0.3,5.8,5.7,6.8,5.1,7.1,10.1,8.0,7.5,4.1,2.9,5.9,7.9,2.5,1.0,2.3,3.1,4.2,6.0,4.1,1.9,2.7,7.0,6.0,5.6,9.7,8.0,3.7,6.7,6.1,5.8,3.9,10.7,10.9,5.5,2.7,1.0,0.6,3.9,-0.9,2.2,3.9,5.1,9.8,12.8,10.3,7.5,5.4,5.1,5.8,2.1,2.0,2.0,0.4,5.3,5.6,4.3,7.0,4.9,7.2,6.0,6.4,5.9,1.8,2.9,8.3,9.4,4.4,4.1,2.7,-0.3,3.0,-0.3,6.1,7.0,7.9,7.8,5.3,6.2,6.5,5.6,7.9,6.9,6.8,1.8,0.0,2.3,8.8,11.0,10.1,8.9,15.2,10.2,5.9,9.3,7.3,7.7,9.5,10.7,10.2,11.7,10.8,11.2,14.4,13.3,13.6,11.4,12.7,13.1,11.3,8.5,7.5,10.6,10.9,12.8,11.1,12.5,13.5,12.8,11.6,10.1,13.0,11.2,15.4,13.7,15.0,15.3,12.1,13.9,13.3,14.6,11.9,10.5,12.3,10.8,10.4,12.3,13.3,11.4,10.5,13.8,11.0,13.6,15.0,12.3,12.3,12.9,11.9,12.1,11.8,13.2,13.3,11.8,6.7,12.8,15.5,11.7,11.6,12.0,11.6,12.4,11.3,13.6,11.6,13.1,12.6,12.1,12.7,12.2,14.5,14.9,13.1,11.2,8.8,14.1,12.3,10.5,8.0,9.1,11.2,8.9,11.6,12.3,8.6,14.7,10.1,9.6,10.7,13.6,15.1,14.3,11.4,9.6,14.1,8.5,12.5,12.9,8.7,5.6,6.0,7.9,9.7,13.1,12.0,11.7,11.4,11.8,9.9,9.4,11.0,10.2,9.3,8.4,6.9,8.4,7.9,8.3,5.6,6.3,7.8,3.6,12.4,10.7,13.8,12.7,11.9,13.0,10.3,9.0,13.0,10.8,10.2,9.9,9.8,6.2,11.1,9.7,11.8,12.8,11.6,9.0,12.6,13.1,11.2,12.9,10.6,9.6,11.7,10.9,12.0,9.3,8.6,13.0,10.5,9.3,4.9,7.9,3.4,0.1,7.5,4.8,5.4,9.0,5.8,0.5,-0.8,6.1,1.8,5.8,6.9,5.6,3.6,0.3,6.7,9.2,1.0,-0.1,3.3,0.1,6.5,11.5,13.0,4.9,2.2,1.2,2.7,3.6,2.0,0.7,-1.1,1.8,2.7,4.8,2.3,7.2,7.9,3.6,0.2,-0.9,-1.0,-3.3,-5.6,0.6,2.1,1.3,-1.5,-1.7,0.3,-0.7,6.8,8.3,7.3,7.3,8.4,4.4,2.4,0.6,-0.2,-1.6,3.5,5.3
0xf5fb0369026deb2ffe69835bec041bd208d35dc4,2.0,-0.1,-0.6,1.4,-0.4,-0.8,4.6,5.6,3.6,3.2,4.9,0.0,-0.1,-0.6,2.2,3.8,3.6,4.1,5.4,-0.1,-0.6,-3.1,-1.0,-2.2,0.4,-2.6,-4.0,2.5,-0.9,4.3,3.8,7.8,9.1,5.6,1.2,0.6,-1.8,2.9,1.4,0.3,0.1,0.0,1.3,2.0,0.5,6.0,4.7,6.6,4.7,7.6,9.5,7.3,7.2,3.3,1.9,5.3,7.1,1.1,0.4,1.4,0.7,3.3,5.7,3.2,3.2,2.2,6.3,5.3,4.9,8.9,7.4,3.3,6.3,6.3,5.7,3.1,10.2,10.3,5.2,2.0,1.4,1.2,2.3,0.1,2.1,4.2,5.1,9.1,11.9,9.8,7.6,5.3,2.5,6.9,4.0,4.0,4.2,2.0,6.2,5.0,4.5,6.9,4.1,6.8,5.9,5.8,5.1,1.8,3.6,8.0,7.8,5.5,5.1,1.7,-0.8,2.6,1.3,5.6,7.2,7.9,6.9,5.8,5.3,5.9,5.5,7.3,5.9,5.8,4.4,2.6,3.3,7.5,10.1,9.9,9.1,14.2,9.5,7.4,8.7,7.4,6.5,9.1,9.9,11.6,14.0,12.1,12.7,14.4,12.6,13.2,10.2,13.7,13.5,11.3,8.2,8.5,10.1,9.6,11.9,10.3,11.9,11.9,12.0,11.3,10.7,13.7,11.7,15.2,15.0,17.1,14.8,12.0,13.6,13.0,14.5,12.5,10.6,11.8,10.2,10.4,12.1,12.9,11.2,11.9,13.4,11.9,13.3,15.3,12.5,13.2,13.5,11.5,11.3,10.4,13.1,12.8,12.7,10.8,13.4,15.3,11.8,12.3,11.6,10.8,12.9,11.1,12.3,11.2,12.5,12.2,12.0,11.7,11.8,13.2,14.1,13.6,11.8,9.6,12.3,11.8,11.2,9.3,9.7,12.2,8.8,10.7,12.8,9.3,13.9,10.4,9.5,9.9,12.1,15.4,13.6,11.1,10.8,14.5,10.9,13.5,12.6,9.9,8.0,9.4,8.8,9.2,12.6,11.5,10.9,10.8,11.4,9.7,9.0,10.4,10.2,8.3,7.5,6.7,9.2,8.4,9.1,6.4,8.4,8.5,4.6,12.3,9.2,13.4,12.5,12.9,12.3,10.3,7.8,12.5,10.3,9.9,9.1,9.7,6.9,10.4,8.6,11.3,12.4,10.6,7.5,11.9,13.9,12.3,11.8,9.9,9.1,11.1,10.4,11.2,8.2,7.9,11.8,10.6,9.7,6.4,6.1,4.2,2.5,6.8,7.2,6.0,8.5,4.5,3.2,1.4,5.4,3.0,4.8,5.9,5.0,3.3,0.9,6.2,8.6,3.4,0.8,2.9,1.4,5.4,10.6,12.0,4.5,1.0,0.7,1.7,2.2,1.7,0.0,-0.6,1.5,1.8,5.1,3.8,6.5,7.2,2.3,-0.7,-1.2,-1.9,-2.2,-3.4,0.4,1.8,0.7,-0.4,-1.4,2.3,1.2,6.1,8.5,7.7,7.2,8.0,4.0,2.2,-0.4,-0.8,-2.8,2.8,5.0
0x7b94a172ceb142abaa866059a848718860324802,1.3,0.5,0.4,1.0,-3.0,-2.1,5.9,5.4,4.2,4.2,5.3,0.6,0.6,0.8,1.7,4.4,4.1,4.1,5.1,-1.3,-3.0,-3.4,-1.2,-3.8,0.0,-2.2,-3.7,3.1,-0.4,4.7,4.5,7.7,9.9,4.7,1.8,0.0,-2.9,3.5,2.1,0.4,0.4,0.2,1.8,1.9,0.3,5.8,5.7,6.8,5.1,7.1,10.1,8.0,7.5,4.1,2.9,5.9,7.9,2.5,1.0,2.3,3.1,4.2,6.0,4.1,1.9,2.7,7.0,6.0,5.6,9.7,8.0,3.7,6.7,6.1,5.8,3.9,10.7,10.9,5.5,2.7,1.0,0.6,3.9,-0.9,2.2,3.9,5.1,9.8,12.8,10.3,7.5,5.4,5.1,5.8,2.1,2.0,2.0,0.4,5.3,5.6,4.3,7.0,4.9,7.2,6.0,6.4,5.9,1.8,2.9,8.3,9.4,4.4,4.1,2.7,-0.3,3.0,-0.3,6.1,7.0,7.9,7.8,5.3,6.2,6.5,5.6,7.9,6.9,6.8,1.8,0.0,2.3,8.8,11.0,10.1,8.9,15.2,10.2,5.9,9.3,7.3,7.7,9.5,10.7,10.2,11.7,10.8,11.2,14.4,13.3,13.6,11.4,12.7,13.1,11.3,8.5,7.5,10.6,10.9,12.8,11.1,12.5,13.5,12.8,11.6,10.1,13.0,11.2,15.4,13.7,15.0,15.3,12.1,13.9,13.3,14.6,11.9,10.5,12.3,10.8,10.4,12.3,13.3,11.4,10.5,13.8,11.0,13.6,15.0,12.3,12.3,12.9,11.9,12.1,11.8,13.2,13.3,11.8,6.7,12.8,15.5,11.7,11.6,12.0,11.6,12.4,11.3,13.6,11.6,13.1,12.6,12.1,12.7,12.2,14.5,14.9,13.1,11.2,8.8,14.1,12.3,10.5,8.0,9.1,11.2,8.9,11.6,12.3,8.6,14.7,10.1,9.6,10.7,13.6,15.1,14.3,11.4,9.6,14.1,8.5,12.5,12.9,8.7,5.6,6.0,7.9,9.7,13.1,12.0,11.7,11.4,11.8,9.9,9.4,11.0,10.2,9.3,8.4,6.9,8.4,7.9,8.3,5.6,6.3,7.8,3.6,12.4,10.7,13.8,12.7,11.9,13.0,10.3,9.0,13.0,10.8,10.2,9.9,9.8,6.2,11.1,9.7,11.8,12.8,11.6,9.0,12.6,13.1,11.2,12.9,10.6,9.6,11.7,10.9,12.0,9.3,8.6,13.0,10.5,9.3,4.9,7.9,3.4,0.1,7.5,4.8,5.4,9.0,5.8,0.5,-0.8,6.1,1.8,5.8,6.9,5.6,3.6,0.3,6.7,9.2,1.0,-0.1,3.3,0.1,6.5,11.5,13.0,4.9,2.2,1.2,2.7,3.6,2.0,0.7,-1.1,1.8,2.7,4.8,2.3,7.2,7.9,3.6,0.2,-0.9,-1.0,-3.3,-5.6,0.6,2.1,1.3,-1.5,-1.7,0.3,-0.7,6.8,8.3,7.3,7.3,8.4,4.4,2.4,0.6,-0.2,-1.6,3.5,5.3
0xbae5a5527aff4b4b8035e960c5eaaf848e7c8c92,1.0,-1.0,-1.0,0.0,-3.0,0.0,6.0,6.0,4.0,4.0,5.0,0.0,0.0,0.0,2.0,4.0,4.0,4.0,5.0,0.0,-2.0,-2.0,1.0,-3.0,1.0,-3.0,-4.0,3.0,1.0,4.0,4.0,8.0,10.0,4.0,1.0,1.0,-2.0,3.0,2.0,0.0,0.0,0.0,1.0,2.0,0.0,5.0,5.0,7.0,5.0,7.0,10.0,7.0,8.0,3.0,2.0,5.0,8.0,2.0,1.0,2.0,3.0,4.0,6.0,4.0,1.0,2.0,7.0,6.0,6.0,9.0,7.0,3.0,7.0,6.0,6.0,3.0,10.0,11.0,5.0,2.0,2.0,2.0,3.0,-1.0,2.0,4.0,5.0,9.0,12.0,10.0,7.0,6.0,5.0,5.0,4.0,3.0,3.0,3.0,8.0,5.0,4.0,6.0,4.0,7.0,6.0,5.0,5.0,2.0,4.0,8.0,9.0,4.0,4.0,2.0,-1.0,2.0,1.0,6.0,6.0,8.0,8.0,5.0,5.0,6.0,6.0,8.0,6.0,6.0,6.0,2.0,3.0,8.0,11.0,10.0,10.0,15.0,9.0,6.0,9.0,7.0,7.0,10.0,11.0,11.0,15.0,13.0,12.0,14.0,13.0,13.0,11.0,14.0,14.0,11.0,9.0,9.0,10.0,11.0,12.0,11.0,12.0,13.0,12.0,11.0,11.0,13.0,11.0,16.0,15.0,18.0,15.0,12.0,14.0,13.0,15.0,11.0,10.0,12.0,10.0,10.0,12.0,13.0,11.0,12.0,14.0,12.0,13.0,15.0,12.0,15.0,13.0,12.0,12.0,13.0,13.0,13.0,11.0,9.0,14.0,15.0,11.0,13.0,11.0,11.0,13.0,10.0,14.0,11.0,13.0,12.0,12.0,12.0,12.0,14.0,15.0,13.0,11.0,10.0,14.0,12.0,11.0,9.0,10.0,11.0,8.0,12.0,13.0,11.0,14.0,10.0,10.0,11.0,13.0,16.0,14.0,12.0,11.0,14.0,9.0,15.0,13.0,9.0,8.0,7.0,8.0,10.0,13.0,12.0,12.0,11.0,12.0,10.0,9.0,10.0,10.0,9.0,8.0,6.0,8.0,8.0,8.0,6.0,10.0,8.0,7.0,13.0,10.0,13.0,12.0,13.0,14.0,11.0,9.0,13.0,10.0,9.0,9.0,10.0,6.0,11.0,8.0,12.0,13.0,11.0,9.0,12.0,14.0,12.0,13.0,11.0,9.0,11.0,11.0,12.0,9.0,9.0,12.0,10.0,10.0,6.0,7.0,4.0,1.0,7.0,7.0,6.0,9.0,5.0,0.0,0.0,6.0,1.0,6.0,6.0,5.0,0.0,-1.0,7.0,9.0,2.0,0.0,3.0,-1.0,6.0,11.0,13.0,5.0,1.0,0.0,2.0,3.0,1.0,-1.0,-3.0,1.0,2.0,4.0,2.0,7.0,7.0,3.0,-1.0,-2.0,-1.0,-5.0,-5.0,0.0,1.0,0.0,-2.0,-3.0,1.0,1.0,7.0,9.0,8.0,7.0,8.0,4.0,2.0,-1.0,-1.0,-1.0,3.0,5.0
0xf4fe2245bf908cb1bd3201e4fceb97d6d229c60c,1.0,-1.0,-1.0,0.0,-3.0,0.0,6.0,6.0,4.0,4.0,5.0,0.0,0.0,0.0,2.0,4.0,4.0,4.0,5.0,0.0,-2.0,-2.0,1.0,-3.0,1.0,-3.0,-4.0,3.0,1.0,4.0,4.0,8.0,10.0,4.0,1.0,1.0,-2.0,3.0,2.0,0.0,0.0,0.0,1.0,2.0,0.0,5.0,5.0,7.0,5.0,7.0,10.0,7.0,8.0,3.0,2.0,5.0,8.0,2.0,1.0,2.0,3.0,4.0,6.0,4.0,1.0,2.0,7.0,6.0,6.0,9.0,7.0,3.0,7.0,6.0,6.0,3.0,10.0,11.0,5.0,2.0,2.0,2.0,3.0,-1.0,2.0,4.0,5.0,9.0,12.0,10.0,7.0,6.0,5.0,5.0,4.0,3.0,3.0,3.0,8.0,5.0,4.0,6.0,4.0,7.0,6.0,5.0,5.0,2.0,4.0,8.0,9.0,4.0,4.0,2.0,-1.0,2.0,1.0,6.0,6.0,8.0,8.0,5.0,5.0,6.0,6.0,8.0,6.0,6.0,6.0,2.0,3.0,8.0,11.0,10.0,10.0,15.0,9.0,6.0,9.0,7.0,7.0,10.0,11.0,11.0,15.0,13.0,12.0,14.0,13.0,13.0,11.0,14.0,14.0,11.0,9.0,9.0,10.0,11.0,12.0,11.0,12.0,13.0,12.0,11.0,11.0,13.0,11.0,16.0,15.0,18.0,15.0,12.0,14.0,13.0,15.0,11.0,10.0,12.0,10.0,10.0,12.0,13.0,11.0,12.0,14.0,12.0,13.0,15.0,12.0,15.0,13.0,12.0,12.0,13.0,13.0,13.0,11.0,9.0,14.0,15.0,11.0,13.0,11.0,11.0,13.0,10.0,14.0,11.0,13.0,12.0,12.0,12.0,12.0,14.0,15.0,13.0,11.0,10.0,14.0,12.0,11.0,9.0,10.0,11.0,8.0,12.0,13.0,11.0,14.0,10.0,10.0,11.0,13.0,16.0,14.0,12.0,11.0,14.0,9.0,15.0,13.0,9.0,8.0,7.0,8.0,10.0,13.0,12.0,12.0,11.0,12.0,10.0,9.0,10.0,10.0,9.0,8.0,6.0,8.0,8.0,8.0,6.0,10.0,8.0,7.0,13.0,10.0,13.0,12.0,13.0,14.0,11.0,9.0,13.0,10.0,9.0,9.0,10.0,6.0,11.0,8.0,12.0,13.0,11.0,9.0,12.0,14.0,12.0,13.0,11.0,9.0,11.0,11.0,12.0,9.0,9.0,12.0,10.0,10.0,6.0,7.0,4.0,1.0,7.0,7.0,6.0,9.0,5.0,0.0,0.0,6.0,1.0,6.0,6.0,5.0,0.0,-1.0,7.0,9.0,2.0,0.0,3.0,-1.0,6.0,11.0,13.0,5.0,1.0,0.0,2.0,3.0,1.0,-1.0,-3.0,1.0,2.0,4.0,2.0,7.0,7.0,3.0,-1.0,-2.0,-1.0,-5.0,-5.0,0.0,1.0,0.0,-2.0,-3.0,1.0,1.0,7.0,9.0,8.0,7.0,8.0,4.0,2.0,-1.0,-1.0,-1.0,3.0,5.0
0xb6bcddf5c5e1cb6e7e4a9878ac8d1b6592911f8d,2.0,-0.1,-0.6,1.4,-0.4,-0.8,4.6,5.6,3.6,3.2,4.9,0.0,-0.1,-0.6,2.2,3.8,3.6,4.1,5.4,-0.1,-0.6,-3.1,-1.0,-2.2,0.4,-2.6,-4.0,2.5,-0.9,4.3,3.8,7.8,9.1,5.6,1.2,0.6,-1.8,2.9,1.4,0.3,0.1,0.0,1.3,2.0,0.5,6.0,4.7,6.6,4.7,7.6,9.5,7.3,7.2,3.3,1.9,5.3,7.1,1.1,0.4,1.4,0.7,3.3,5.7,3.2,3.2,2.2,6.3,5.3,4.9,8.9,7.4,3.3,6.3,6.3,5.7,3.1,10.2,10.3,5.2,2.0,1.4,1.2,2.3,0.1,2.1,4.2,5.1,9.1,11.9,9.8,7.6,5.3,2.5,6.9,4.0,4.0,4.2,2.0,6.2,5.0,4.5,6.9,4.1,6.8,5.9,5.8,5.1,1.8,3.6,8.0,7.8,5.5,5.1,1.7,-0.8,2.6,1.3,5.6,7.2,7.9,6.9,5.8,5.3,5.9,5.5,7.3,5.9,5.8,4.4,2.6,3.3,7.5,10.1,9.9,9.1,14.2,9.5,7.4,8.7,7.4,6.5,9.1,9.9,11.6,14.0,12.1,12.7,14.4,12.6,13.2,10.2,13.7,13.5,11.3,8.2,8.5,10.1,9.6,11.9,10.3,11.9,11.9,12.0,11.3,10.7,13.7,11.7,15.2,15.0,17.1,14.8,12.0,13.6,13.0,14.5,12.5,10.6,11.8,10.2,10.4,12.1,12.9,11.2,11.9,13.4,11.9,13.3,15.3,12.5,13.2,13.5,11.5,11.3,10.4,13.1,12.8,12.7,10.8,13.4,15.3,11.8,12.3,11.6,10.8,12.9,11.1,12.3,11.2,12.5,12.2,12.0,11.7,11.8,13.2,14.1,13.6,11.8,9.6,12.3,11.8,11.2,9.3,9.7,12.2,8.8,10.7,12.8,9.3,13.9,10.4,9.5,9.9,12.1,15.4,13.6,11.1,10.8,14.5,10.9,13.5,12.6,9.9,8.0,9.4,8.8,9.2,12.6,11.5,10.9,10.8,11.4,9.7,9.0,10.4,10.2,8.3,7.5,6.7,9.2,8.4,9.1,6.4,8.4,8.5,4.6,12.3,9.2,13.4,12.5,12.9,12.3,10.3,7.8,12.5,10.3,9.9,9.1,9.7,6.9,10.4,8.6,11.3,12.4,10.6,7.5,11.9,13.9,12.3,11.8,9.9,9.1,11.1,10.4,11.2,8.2,7.9,11.8,10.6,9.7,6.4,6.1,4.2,2.5,6.8,7.2,6.0,8.5,4.5,3.2,1.4,5.4,3.0,4.8,5.9,5.0,3.3,0.9,6.2,8.6,3.4,0.8,2.9,1.4,5.4,10.6,12.0,4.5,1.0,0.7,1.7,2.2,1.7,0.0,-0.6,1.5,1.8,5.1,3.8,6.5,7.2,2.3,-0.7,-1.2,-1.9,-2.2,-3.4,0.4,1.8,0.7,-0.4,-1.4,2.3,1.2,6.1,8.5,7.7,7.2,8.0,4.0,2.2,-0.4,-0.8,-2.8,2.8,5.0
0x8f8cfed1576f9ff919eef8a8aed16b72f0a9f96c,2.0,-0.1,-0.6,1.4,-0.4,-0.8,4.6,5.6,3.6,3.2,4.9,0.0,-0.1,-0.6,2.2,3.8,3.6,4.1,5.4,-0.1,-0.6,-3.1,-1.0,-2.2,0.4,-2.6,-4.0,2.5,-0.9,4.3,3.8,7.8,9.1,5.6,1.2,0.6,-1.8,2.9,1.4,0.3,0.1,0.0,1.3,2.0,0.5,6.0,4.7,6.6,4.7,7.6,9.5,7.3,7.2,3.3,1.9,5.3,7.1,1.1,0.4,1.4,0.7,3.3,5.7,3.2,3.2,2.2,6.3,5.3,4.9,8.9,7.4,3.3,6.3,6.3,5.7,3.1,10.2,10.3,5.2,2.0,1.4,1.2,2.3,0.1,2.1,4.2,5.1,9.1,11.9,9.8,7.6,5.3,2.5,6.9,4.0,4.0,4.2,2.0,6.2,5.0,4.5,6.9,4.1,6.8,5.9,5.8,5.1,1.8,3.6,8.0,7.8,5.5,5.1,1.7,-0.8,2.6,1.3,5.6,7.2,7.9,6.9,5.8,5.3,5.9,5.5,7.3,5.9,5.8,4.4,2.6,3.3,7.5,10.1,9.9,9.1,14.2,9.5,7.4,8.7,7.4,6.5,9.1,9.9,11.6,14.0,12.1,12.7,14.4,12.6,13.2,10.2,13.7,13.5,11.3,8.2,8.5,10.1,9.6,11.9,10.3,11.9,11.9,12.0,11.3,10.7,13.7,11.7,15.2,15.0,17.1,14.8,12.0,13.6,13.0,14.5,12.5,10.6,11.8,10.2,10.4,12.1,12.9,11.2,11.9,13.4,11.9,13.3,15.3,12.5,13.2,13.5,11.5,11.3,10.4,13.1,12.8,12.7,10.8,13.4,15.3,11.8,12.3,11.6,10.8,12.9,11.1,12.3,11.2,12.5,12.2,12.0,11.7,11.8,13.2,14.1,13.6,11.8,9.6,12.3,11.8,11.2,9.3,9.7,12.2,8.8,10.7,12.8,9.3,13.9,10.4,9.5,9.9,12.1,15.4,13.6,11.1,10.8,14.5,10.9,13.5,12.6,9.9,8.0,9.4,8.8,9.2,12.6,11.5,10.9,10.8,11.4,9.7,9.0,10.4,10.2,8.3,7.5,6.7,9.2,8.4,9.1,6.4,8.4,8.5,4.6,12.3,9.2,13.4,12.5,12.9,12.3,10.3,7.8,12.5,10.3,9.9,9.1,9.7,6.9,10.4,8.6,11.3,12.4,10.6,7.5,11.9,13.9,12.3,11.8,9.9,9.1,11.1,10.4,11.2,8.2,7.9,11.8,10.6,9.7,6.4,6.1,4.2,2.5,6.8,7.2,6.0,8.5,4.5,3.2,1.4,5.4,3.0,4.8,5.9,5.0,3.3,0.9,6.2,8.6,3.4,0.8,2.9,1.4,5.4,10.6,12.0,4.5,1.0,0.7,1.7,2.2,1.7,0.0,-0.6,1.5,1.8,5.1,3.8,6.5,7.2,2.3,-0.7,-1.2,-1.9,-2.2,-3.4,0.4,1.8,0.7,-0.4,-1.4,2.3,1.2,6.1,8.5,7.7,7.2,8.0,4.0,2.2,-0.4,-0.8,-2.8,2.8,5.0
0x64225eda5d3680ea49e1fda021c0d6b98616324d,1.0,-1.0,-1.0,0.0,-3.0,0.0,6.0,6.0,4.0,4.0,5.0,0.0,0.0,0.0,2.0,4.0,4.0,4.0,5.0,0.0,-2.0,-2.0,1.0,-3.0,1.0,-3.0,-4.0,3.0,1.0,4.0,4.0,8.0,10.0,4.0,1.0,1.0,-2.0,3.0,2.0,0.0,0.0,0.0,1.0,2.0,0.0,5.0,5.0,7.0,5.0,7.0,10.0,7.0,8.0,3.0,2.0,5.0,8.0,2.0,1.0,2.0,3.0,4.0,6.0,4.0,1.0,2.0,7.0,6.0,6.0,9.0,7.0,3.0,7.0,6.0,6.0,3.0,10.0,11.0,5.0,2.0,2.0,2.0,3.0,-1.0,2.0,4.0,5.0,9.0,12.0,10.0,7.0,6.0,5.0,5.0,4.0,3.0,3.0,3.0,8.0,5.0,4.0,6.0,4.0,7.0,6.0,5.0,5.0,2.0,4.0,8.0,9.0,4.0,4.0,2.0,-1.0,2.0,1.0,6.0,6.0,8.0,8.0,5.0,5.0,6.0,6.0,8.0,6.0,6.0,6.0,2.0,3.0,8.0,11.0,10.0,10.0,15.0,9.0,6.0,9.0,7.0,7.0,10.0,11.0,11.0,15.0,13.0,12.0,14.0,13.0,13.0,11.0,14.0,14.0,11.0,9.0,9.0,10.0,11.0,12.0,11.0,12.0,13.0,12.0,11.0,11.0,13.0,11.0,16.0,15.0,18.0,15.0,12.0,14.0,13.0,15.0,11.0,10.0,12.0,10.0,10.0,12.0,13.0,11.0,12.0,14.0,12.0,13.0,15.0,12.0,15.0,13.0,12.0,12.0,13.0,13.0,13.0,11.0,9.0,14.0,15.0,11.0,13.0,11.0,11.0,13.0,10.0,14.0,11.0,13.0,12.0,12.0,12.0,12.0,14.0,15.0,13.0,11.0,10.0,14.0,12.0,11.0,9.0,10.0,11.0,8.0,12.0,13.0,11.0,14.0,10.0,10.0,11.0,13.0,16.0,14.0,12.0,11.0,14.0,9.0,15.0,13.0,9.0,8.0,7.0,8.0,10.0,13.0,12.0,12.0,11.0,12.0,10.0,9.0,10.0,10.0,9.0,8.0,6.0,8.0,8.0,8.0,6.0,10.0,8.0,7.0,13.0,10.0,13.0,12.0,13.0,14.0,11.0,9.0,13.0,10.0,9.0,9.0,10.0,6.0,11.0,8.0,12.0,13.0,11.0,9.0,12.0,14.0,12.0,13.0,11.0,9.0,11.0,11.0,12.0,9.0,9.0,12.0,10.0,10.0,6.0,7.0,4.0,1.0,7.0,7.0,6.0,9.0,5.0,0.0,0.0,6.0,1.0,6.0,6.0,5.0,0.0,-1.0,7.0,9.0,2.0,0.0,3.0,-1.0,6.0,11.0,13.0,5.0,1.0,0.0,2.0,3.0,1.0,-1.0,-3.0,1.0,2.0,4.0,2.0,7.0,7.0,3.0,-1.0,-2.0,-1.0,-5.0,-5.0,0.0,1.0,0.0,-2.0,-3.0,1.0,1.0,7.0,9.0,8.0,7.0,8.0,4.0,2.0,-1.0,-1.0,-1.0,3.0,5.0
0x50626a5d00faaca917d563ad75646ce6860700b4,1.0,-1.0,-1.0,0.0,-3.0,0.0,6.0,6.0,4.0,4.0,5.0,0.0,0.0,0.0,2.0,4.0,4.0,4.0,5.0,0.0,-2.0,-2.0,1.0,-3.0,1.0,-3.0,-4.0,3.0,1.0,4.0,4.0,8.0,10.0,4.0,1.0,1.0,-2.0,3.0,2.0,0.0,0.0,0.0,1.0,2.0,0.0,5.0,5.0,7.0,5.0,7.0,10.0,7.0,8.0,3.0,2.0,5.0,8.0,2.0,1.0,2.0,3.0,4.0,6.0,4.0,1.0,2.0,7.0,6.0,6.0,9.0,7.0,3.0,7.0,6.0,6.0,3.0,10.0,11.0,5.0,2.0,2.0,2.0,3.0,-1.0,2.0,4.0,5.0,9.0,12.0,10.0,7.0,6.0,5.0,5.0,4.0,3.0,3.0,3.0,8.0,5.0,4.0,6.0,4.0,7.0,6.0,5.0,5.0,2.0,4.0,8.0,9.0,4.0,4.0,2.0,-1.0,2.0,1.0,6.0,6.0,8.0,8.0,5.0,5.0,6.0,6.0,8.0,6.0,6.0,6.0,2.0,3.0,8.0,11.0,10.0,10.0,15.0,9.0,6.0,9.0,7.0,7.0,10.0,11.0,11.0,15.0,13.0,12.0,14.0,13.0,13.0,11.0,14.0,14.0,11.0,9.0,9.0,10.0,11.0,12.0,11.0,12.0,13.0,12.0,11.0,11.0,13.0,11.0,16.0,15.0,18.0,15.0,12.0,14.0,13.0,15.0,11.0,10.0,12.0,10.0,10.0,12.0,13.0,11.0,12.0,14.0,12.0,13.0,15.0,12.0,15.0,13.0,12.0,12.0,13.0,13.0,13.0,11.0,9.0,14.0,15.0,11.0,13.0,11.0,11.0,13.0,10.0,14.0,11.0,13.0,12.0,12.0,12.0,12.0,14.0,15.0,13.0,11.0,10.0,14.0,12.0,11.0,9.0,10.0,11.0,8.0,12.0,13.0,11.0,14.0,10.0,10.0,11.0,13.0,16.0,14.0,12.0,11.0,14.0,9.0,15.0,13.0,9.0,8.0,7.0,8.0,10.0,13.0,12.0,12.0,11.0,12.0,10.0,9.0,10.0,10.0,9.0,8.0,6.0,8.0,8.0,8.0,6.0,10.0,8.0,7.0,13.0,10.0,13.0,12.0,13.0,14.0,11.0,9.0,13.0,10.0,9.0,9.0,10.0,6.0,11.0,8.0,12.0,13.0,11.0,9.0,12.0,14.0,12.0,13.0,11.0,9.0,11.0,11.0,12.0,9.0,9.0,12.0,10.0,10.0,6.0,7.0,4.0,1.0,7.0,7.0,6.0,9.0,5.0,0.0,0.0,6.0,1.0,6.0,6.0,5.0,0.0,-1.0,7.0,9.0,2.0,0.0,3.0,-1.0,6.0,11.0,13.0,5.0,1.0,0.0,2.0,3.0,1.0,-1.0,-3.0,1.0,2.0,4.0,2.0,7.0,7.0,3.0,-1.0,-2.0,-1.0,-5.0,-5.0,0.0,1.0,0.0,-2.0,-3.0,1.0,1.0,7.0,9.0,8.0,7.0,8.0,4.0,2.0,-1.0,-1.0,-1.0,3.0,5.0
0x7cc8143a8b65d2422f96839008b40404914b16fe,0.2,-1.2,-0.7,-1.7,-5.5,-2.7,6.0,4.7,2.5,2.7,5.0,0.0,0.2,0.4,3.1,4.6,3.7,3.8,4.9,-2.6,-2.1,-2.8,0.5,-3.2,-0.5,-3.1,-5.1,2.7,0.2,4.7,4.6,7.6,9.4,3.5,1.4,0.8,-3.5,3.5,1.3,0.4,0.3,0.0,1.7,2.4,0.5,5.1,4.4,6.4,5.0,5.9,9.7,8.4,8.3,3.7,1.7,5.4,7.1,2.0,0.7,1.5,3.0,3.7,5.3,3.8,1.4,2.3,6.6,5.9,5.0,9.0,6.2,3.1,6.1,5.1,4.9,2.8,11.0,11.0,4.3,2.0,-0.4,-0.4,3.3,0.5,2.8,3.7,5.4,9.5,11.6,9.7,7.2,4.7,3.3,5.1,3.7,2.9,2.6,0.5,5.8,4.8,3.6,6.2,3.9,6.8,5.3,5.6,3.9,1.3,3.3,7.4,7.1,4.9,-0.1,1.7,0.3,2.0,-0.7,5.7,5.6,8.3,7.7,5.5,4.7,6.6,5.5,8.0,6.0,5.1,3.5,-0.9,2.6,8.7,10.4,10.0,8.2,14.3,9.1,5.1,8.6,5.9,6.9,9.2,9.0,10.4,11.9,12.2,11.5,14.1,13.6,13.4,11.5,13.0,12.9,10.6,7.7,8.0,9.8,11.2,12.5,10.3,12.2,12.3,12.6,11.3,9.3,12.4,10.5,16.2,12.4,14.6,15.7,13.1,13.2,12.3,14.1,11.6,8.5,12.9,10.4,9.9,11.8,12.9,10.8,13.1,13.5,9.9,12.4,14.0,11.2,12.3,12.5,11.1,11.3,11.7,12.7,13.3,11.0,7.3,11.4,15.3,11.8,12.7,10.9,11.6,12.3,10.5,13.1,11.0,13.0,11.7,12.1,11.7,12.2,13.5,14.3,12.3,10.5,8.2,13.1,11.7,9.7,6.3,8.5,11.3,7.8,10.2,11.4,8.2,14.0,9.3,9.8,9.8,13.3,15.7,12.7,10.2,10.1,11.7,7.5,12.0,11.7,8.8,5.3,6.4,8.5,8.9,13.0,11.5,10.9,10.7,11.1,8.3,8.1,10.3,9.0,8.4,7.4,7.3,6.2,5.4,7.5,4.1,8.8,7.8,5.0,11.8,9.3,12.7,12.0,12.5,12.4,9.9,8.5,12.7,9.4,9.3,8.6,9.4,5.9,11.0,9.7,11.6,13.0,10.9,7.8,12.1,13.2,11.2,13.5,10.0,9.0,11.0,10.7,11.0,8.8,8.7,12.3,9.1,8.0,3.4,5.0,1.3,-0.8,7.0,3.9,4.1,8.5,4.7,1.2,0.1,5.5,0.5,5.0,5.5,5.0,2.7,-0.8,6.5,8.7,0.5,-1.0,3.5,0.6,6.0,11.0,12.6,4.4,0.7,-0.3,1.7,2.1,1.3,0.2,-1.1,-0.3,2.1,4.4,4.4,6.6,7.6,3.0,-0.2,-1.2,-1.7,-4.9,-6.6,0.2,1.4,-0.2,-1.1,-0.4,0.3,0.0,6.5,8.2,6.6,7.0,6.9,3.9,2.2,-0.6,-1.1,-1.8,3.3,4.6
0x94ace0372c45642d17b6aad6f5057b919bcdfe4c,0.2,-1.2,-0.7,-1.7,-5.5,-2.7,6.0,4.7,2.5,2.7,5.0,0.0,0.2,0.4,3.1,4.6,3.7,3.8,4.9,-2.6,-2.1,-2.8,0.5,-3.2,-0.5,-3.1,-5.1,2.7,0.2,4.7,4.6,7.6,9.4,3.5,1.4,0.8,-3.5,3.5,1.3,0.4,0.3,0.0,1.7,2.4,0.5,5.1,4.4,6.4,5.0,5.9,9.7,8.4,8.3,3.7,1.7,5.4,7.1,2.0,0.7,1.5,3.0,3.7,5.3,3.8,1.4,2.3,6.6,5.9,5.0,9.0,6.2,3.1,6.1,5.1,4.9,2.8,11.0,11.0,4.3,2.0,-0.4,-0.4,3.3,0.5,2.8,3.7,5.4,9.5,11.6,9.7,7.2,4.7,3.3,5.1,3.7,2.9,2.6,0.5,5.8,4.8,3.6,6.2,3.9,6.8,5.3,5.6,3.9,1.3,3.3,7.4,7.1,4.9,-0.1,1.7,0.3,2.0,-0.7,5.7,5.6,8.3,7.7,5.5,4.7,6.6,5.5,8.0,6.0,5.1,3.5,-0.9,2.6,8.7,10.4,10.0,8.2,14.3,9.1,5.1,8.6,5.9,6.9,9.2,9.0,10.4,11.9,12.2,11.5,14.1,13.6,13.4,11.5,13.0,12.9,10.6,7.7,8.0,9.8,11.2,12.5,10.3,12.2,12.3,12.6,11.3,9.3,12.4,10.5,16.2,12.4,14.6,15.7,13.1,13.2,12.3,14.1,11.6,8.5,12.9,10.4,9.9,11.8,12.9,10.8,13.1,13.5,9.9,12.4,14.0,11.2,12.3,12.5,11.1,11.3,11.7,12.7,13.3,11.0,7.3,11.4,15.3,11.8,12.7,10.9,11.6,12.3,10.5,13.1,11.0,13.0,11.7,12.1,11.7,12.2,13.5,14.3,12.3,10.5,8.2,13.1,11.7,9.7,6.3,8.5,11.3,7.8,10.2,11.4,8.2,14.0,9.3,9.8,9.8,13.3,15.7,12.7,10.2,10.1,11.7,7.5,12.0,11.7,8.8,5.3,6.4,8.5,8.9,13.0,11.5,10.9,10.7,11.1,8.3,8.1,10.3,9.0,8.4,7.4,7.3,6.2,5.4,7.5,4.1,8.8,7.8,5.0,11.8,9.3,12.7,12.0,12.5,12.4,9.9,8.5,12.7,9.4,9.3,8.6,9.4,5.9,11.0,9.7,11.6,13.0,10.9,7.8,12.1,13.2,11.2,13.5,10.0,9.0,11.0,10.7,11.0,8.8,8.7,12.3,9.1,8.0,3.4,5.0,1.3,-0.8,7.0,3.9,4.1,8.5,4.7,1.2,0.1,5.5,0.5,5.0,5.5,5.0,2.7,-0.8,6.5,8.7,0.5,-1.0,3.5,0.6,6.0,11.0,12.6,4.4,0.7,-0.3,1.7,2.1,1.3,0.2,-1.1,-0.3,2.1,4.4,4.4,6.6,7.6,3.0,-0.2,-1.2,-1.7,-4.9,-6.6,0.2,1.4,-0.2,-1.1,-0.4,0.3,0.0,6.5,8.2,6.6,7.0,6.9,3.9,2.2,-0.6,-1.1,-1.8,3.3,4.6
0xc07ee1c6e1c7df9b254863cefae00b3f5dc8b4cb,0.2,-1.2,-0.7,-1.7,-5.5,-2.7,6.0,4.7,2.5,2.7,5.0,0.0,0.2,0.4,3.1,4.6,3.7,3.8,4.9,-2.6,-2.1,-2.8,0.5,-3.2,-0.5,-3.1,-5.1,2.7,0.2,4.7,4.6,7.6,9.4,3.5,1.4,0.8,-3.5,3.5,1.3,0.4,0.3,0.0,1.7,2.4,0.5,5.1,4.4,6.4,5.0,5.9,9.7,8.4,8.3,3.7,1.7,5.4,7.1,2.0,0.7,1.5,3.0,3.7,5.3,3.8,1.4,2.3,6.6,5.9,5.0,9.0,6.2,3.1,6.1,5.1,4.9,2.8,11.0,11.0,4.3,2.0,-0.4,-0.4,3.3,0.5,2.8,3.7,5.4,9.5,11.6,9.7,7.2,4.7,3.3,5.1,3.7,2.9,2.6,0.5,5.8,4.8,3.6,6.2,3.9,6.8,5.3,5.6,3.9,1.3,3.3,7.4,7.1,4.9,-0.1,1.7,0.3,2.0,-0.7,5.7,5.6,8.3,7.7,5.5,4.7,6.6,5.5,8.0,6.0,5.1,3.5,-0.9,2.6,8.7,10.4,10.0,8.2,14.3,9.1,5.1,8.6,5.9,6.9,9.2,9.0,10.4,11.9,12.2,11.5,14.1,13.6,13.4,11.5,13.0,12.9,10.6,7.7,8.0,9.8,11.2,12.5,10.3,12.2,12.3,12.6,11.3,9.3,12.4,10.5,16.2,12.4,14.6,15.7,13.1,13.2,12.3,14.1,11.6,8.5,12.9,10.4,9.9,11.8,12.9,10.8,13.1,13.5,9.9,12.4,14.0,11.2,12.3,12.5,11.1,11.3,11.7,12.7,13.3,11.0,7.3,11.4,15.3,11.8,12.7,10.9,11.6,12.3,10.5,13.1,11.0,13.0,11.7,12.1,11.7,12.2,13.5,14.3,12.3,10.5,8.2,13.1,11.7,9.7,6.3,8.5,11.3,7.8,10.2,11.4,8.2,14.0,9.3,9.8,9.8,13.3,15.7,12.7,10.2,10.1,11.7,7.5,12.0,11.7,8.8,5.3,6.4,8.5,8.9,13.0,11.5,10.9,10.7,11.1,8.3,8.1,10.3,9.0,8.4,7.4,7.3,6.2,5.4,7.5,4.1,8.8,7.8,5.0,11.8,9.3,12.7,12.0,12.5,12.4,9.9,8.5,12.7,9.4,9.3,8.6,9.4,5.9,11.0,9.7,11.6,13.0,10.9,7.8,12.1,13.2,11.2,13.5,10.0,9.0,11.0,10.7,11.0,8.8,8.7,12.3,9.1,8.0,3.4,5.0,1.3,-0.8,7.0,3.9,4.1,8.5,4.7,1.2,0.1,5.5,0.5,5.0,5.5,5.0,2.7,-0.8,6.5,8.7,0.5,-1.0,3.5,0.6,6.0,11.0,12.6,4.4,0.7,-0.3,1.7,2.1,1.3,0.2,-1.1,-0.3,2.1,4.4,4.4,6.6,7.6,3.0,-0.2,-1.2,-1.7,-4.9,-6.6,0.2,1.4,-0.2,-1.1,-0.4,0.3,0.0,6.5,8.2,6.6,7.0,6.9,3.9,2.2,-0.6,-1.1,-1.8,3.3,4.6
0x68580657035b9e5780bdd2df44052d728fd46057,1.3,0.5,0.4,1.0,-3.0,-2.1,5.9,5.4,4.2,4.2,5.3,0.6,0.6,0.8,1.7,4.4,4.1,4.1,5.1,-1.3,-3.0,-3.4,-1.2,-3.8,0.0,-2.2,-3.7,3.1,-0.4,4.7,4.5,7.7,9.9,4.7,1.8,0.0,-2.9,3.5,2.1,0.4,0.4,0.2,1.8,1.9,0.3,5.8,5.7,6.8,5.1,7.1,10.1,8.0,7.5,4.1,2.9,5.9,7.9,2.5,1.0,2.3,3.1,4.2,6.0,4.1,1.9,2.7,7.0,6.0,5.6,9.7,8.0,3.7,6.7,6.1,5.8,3.9,10.7,10.9,5.5,2.7,1.0,0.6,3.9,-0.9,2.2,3.9,5.1,9.8,12.8,10.3,7.5,5.4,5.1,5.8,2.1,2.0,2.0,0.4,5.3,5.6,4.3,7.0,4.9,7.2,6.0,6.4,5.9,1.8,2.9,8.3,9.4,4.4,4.1,2.7,-0.3,3.0,-0.3,6.1,7.0,7.9,7.8,5.3,6.2,6.5,5.6,7.9,6.9,6.8,1.8,0.0,2.3,8.8,11.0,10.1,8.9,15.2,10.2,5.9,9.3,7.3,7.7,9.5,10.7,10.2,11.7,10.8,11.2,14.4,13.3,13.6,11.4,12.7,13.1,11.3,8.5,7.5,10.6,10.9,12.8,11.1,12.5,13.5,12.8,11.6,10.1,13.0,11.2,15.4,13.7,15.0,15.3,12.1,13.9,13.3,14.6,11.9,10.5,12.3,10.8,10.4,12.3,13.3,11.4,10.5,13.8,11.0,13.6,15.0,12.3,12.3,12.9,11.9,12.1,11.8,13.2,13.3,11.8,6.7,12.8,15.5,11.7,11.6,12.0,11.6,12.4,11.3,13.6,11.6,13.1,12.6,12.1,12.7,12.2,14.5,14.9,13.1,11.2,8.8,14.1,12.3,10.5,8.0,9.1,11.2,8.9,11.6,12.3,8.6,14.7,10.1,9.6,10.7,13.6,15.1,14.3,11.4,9.6,14.1,8.5,12.5,12.9,8.7,5.6,6.0,7.9,9.7,13.1,12.0,11.7,11.4,11.8,9.9,9.4,11.0,10.2,9.3,8.4,6.9,8.4,7.9,8.3,5.6,6.3,7.8,3.6,12.4,10.7,13.8,12.7,11.9,13.0,10.3,9.0,13.0,10.8,10.2,9.9,9.8,6.2,11.1,9.7,11.8,12.8,11.6,9.0,12.6,13.1,11.2,12.9,10.6,9.6,11.7,10.9,12.0,9.3,8.6,13.0,10.5,9.3,4.9,7.9,3.4,0.1,7.5,4.8,5.4,9.0,5.8,0.5,-0.8,6.1,1.8,5.8,6.9,5.6,3.6,0.3,6.7,9.2,1.0,-0.1,3.3,0.1,6.5,11.5,13.0,4.9,2.2,1.2,2.7,3.6,2.0,0.7,-1.1,1.8,2.7,4.8,2.3,7.2,7.9,3.6,0.2,-0.9,-1.0,-3.3,-5.6,0.6,2.1,1.3,-1.5,-1.7,0.3,-0.7,6.8,8.3,7.3,7.3,8.4,4.4,2.4,0.6,-0.2,-1.6,3.5,5.3
0x9c2767010767f6e76099868901c144906d72075a,1.3,0.5,0.4,1.0,-3.0,-2.1,5.9,5.4,4.2,4.2,5.3,0.6,0.6,0.8,1.7,4.4,4.1,4.1,5.1,-1.3,-3.0,-3.4,-1.2,-3.8,0.0,-2.2,-3.7,3.1,-0.4,4.7,4.5,7.7,9.9,4.7,1.8,0.0,-2.9,3.5,2.1,0.4,0.4,0.2,1.8,1.9,0.3,5.8,5.7,6.8,5.1,7.1,10.1,8.0,7.5,4.1,2.9,5.9,7.9,2.5,1.0,2.3,3.1,4.2,6.0,4.1,1.9,2.7,7.0,6.0,5.6,9.7,8.0,3.7,6.7,6.1,5.8,3.9,10.7,10.9,5.5,2.7,1.0,0.6,3.9,-0.9,2.2,3.9,5.1,9.8,12.8,10.3,7.5,5.4,5.1,5.8,2.1,2.0,2.0,0.4,5.3,5.6,4.3,7.0,4.9,7.2,6.0,6.4,5.9,1.8,2.9,8.3,9.4,4.4,4.1,2.7,-0.3,3.0,-0.3,6.1,7.0,7.9,7.8,5.3,6.2,6.5,5.6,7.9,6.9,6.8,1.8,0.0,2.3,8.8,11.0,10.1,8.9,15.2,10.2,5.9,9.3,7.3,7.7,9.5,10.7,10.2,11.7,10.8,11.2,14.4,13.3,13.6,11.4,12.7,13.1,11.3,8.5,7.5,10.6,10.9,12.8,11.1,12.5,13.5,12.8,11.6,10.1,13.0,11.2,15.4,13.7,15.0,15.3,12.1,13.9,13.3,14.6,11.9,10.5,12.3,10.8,10.4,12.3,13.3,11.4,10.5,13.8,11.0,13.6,15.0,12.3,12.3,12.9,11.9,12.1,11.8,13.2,13.3,11.8,6.7,12.8,15.5,11.7,11.6,12.0,11.6,12.4,11.3,13.6,11.6,13.1,12.6,12.1,12.7,12.2,14.5,14.9,13.1,11.2,8.8,14.1,12.3,10.5,8.0,9.1,11.2,8.9,11.6,12.3,8.6,14.7,10.1,9.6,10.7,13.6,15.1,14.3,11.4,9.6,14.1,8.5,12.5,12.9,8.7,5.6,6.0,7.9,9.7,13.1,12.0,11.7,11.4,11.8,9.9,9.4,11.0,10.2,9.3,8.4,6.9,8.4,7.9,8.3,5.6,6.3,7.8,3.6,12.4,10.7,13.8,12.7,11.9,13.0,10.3,9.0,13.0,10.8,10.2,9.9,9.8,6.2,11.1,9.7,11.8,12.8,11.6,9.0,12.6,13.1,11.2,12.9,10.6,9.6,11.7,10.9,12.0,9.3,8.6,13.0,10.5,9.3,4.9,7.9,3.4,0.1,7.5,4.8,5.4,9.0,5.8,0.5,-0.8,6.1,1.8,5.8,6.9,5.6,3.6,0.3,6.7,9.2,1.0,-0.1,3.3,0.1,6.5,11.5,13.0,4.9,2.2,1.2,2.7,3.6,2.0,0.7,-1.1,1.8,2.7,4.8,2.3,7.2,7.9,3.6,0.2,-0.9,-1.0,-3.3,-5.6,0.6,2.1,1.3,-1.5,-1.7,0.3,-0.7,6.8,8.3,7.3,7.3,8.4,4.4,2.4,0.6,-0.2,-1.6,3.5,5.3
0xd030a4ef9685df3c4c5188d6e74b6d90a7dbf166,1.3,0.5,0.4,1.0,-3.0,-2.1,5.9,5.4,4.2,4.2,5.3,0.6,0.6,0.8,1.7,4.4,4.1,4.1,5.1,-1.3,-3.0,-3.4,-1.2,-3.8,0.0,-2.2,-3.7,3.1,-0.4,4.7,4.5,7.7,9.9,4.7,1.8,0.0,-2.9,3.5,2.1,0.4,0.4,0.2,1.8,1.9,0.3,5.8,5.7,6.8,5.1,7.1,10.1,8.0,7.5,4.1,2.9,5.9,7.9,2.5,1.0,2.3,3.1,4.2,6.0,4.1,1.9,2.7,7.0,6.0,5.6,9.7,8.0,3.7,6.7,6.1,5.8,3.9,10.7,10.9,5.5,2.7,1.0,0.6,3.9,-0.9,2.2,3.9,5.1,9.8,12.8,10.3,7.5,5.4,5.1,5.8,2.1,2.0,2.0,0.4,5.3,5.6,4.3,7.0,4.9,7.2,6.0,6.4,5.9,1.8,2.9,8.3,9.4,4.4,4.1,2.7,-0.3,3.0,-0.3,6.1,7.0,7.9,7.8,5.3,6.2,6.5,5.6,7.9,6.9,6.8,1.8,0.0,2.3,8.8,11.0,10.1,8.9,15.2,10.2,5.9,9.3,7.3,7.7,9.5,10.7,10.2,11.7,10.8,11.2,14.4,13.3,13.6,11.4,12.7,13.1,11.3,8.5,7.5,10.6,10.9,12.8,11.1,12.5,13.5,12.8,11.6,10.1,13.0,11.2,15.4,13.7,15.0,15.3,12.1,13.9,13.3,14.6,11.9,10.5,12.3,10.8,10.4,12.3,13.3,11.4,10.5,13.8,11.0,13.6,15.0,12.3,12.3,12.9,11.9,12.1,11.8,13.2,13.3,11.8,6.7,12.8,15.5,11.7,11.6,12.0,11.6,12.4,11.3,13.6,11.6,13.1,12.6,12.1,12.7,12.2,14.5,14.9,13.1,11.2,8.8,14.1,12.3,10.5,8.0,9.1,11.2,8.9,11.6,12.3,8.6,14.7,10.1,9.6,10.7,13.6,15.1,14.3,11.4,9.6,14.1,8.5,12.5,12.9,8.7,5.6,6.0,7.9,9.7,13.1,12.0,11.7,11.4,11.8,9.9,9.4,11.0,10.2,9.3,8.4,6.9,8.4,7.9,8.3,5.6,6.3,7.8,3.6,12.4,10.7,13.8,12.7,11.9,13.0,10.3,9.0,13.0,10.8,10.2,9.9,9.8,6.2,11.1,9.7,11.8,12.8,11.6,9.0,12.6,13.1,11.2,12.9,10.6,9.6,11.7,10.9,12.0,9.3,8.6,13.0,10.5,9.3,4.9,7.9,3.4,0.1,7.5,4.8,5.4,9.0,5.8,0.5,-0.8,6.1,1.8,5.8,6.9,5.6,3.6,0.3,6.7,9.2,1.0,-0.1,3.3,0.1,6.5,11.5,13.0,4.9,2.2,1.2,2.7,3.6,2.0,0.7,-1.1,1.8,2.7,4.8,2.3,7.2,7.9,3.6,0.2,-0.9,-1.0,-3.3,-5.6,0.6,2.1,1.3,-1.5,-1.7,0.3,-0.7,6.8,8.3,7.3,7.3,8.4,4.4,2.4,0.6,-0.2,-1.6,3.5,5.3
0xbfabb20b266d53d705137593347cee145571eda8,0.7,-1.2,-2.2,-1.8,-3.7,-1.2,5.6,5.6,2.5,2.6,4.5,-0.3,-0.8,-0.7,1.6,3.8,3.2,3.0,4.4,-0.9,-0.9,-2.5,1.2,-0.1,-0.1,-3.1,-3.2,2.1,-0.1,4.6,4.2,7.7,9.0,3.3,0.6,-0.1,-1.8,3.1,1.3,0.0,0.0,-0.2,1.3,1.5,0.9,6.2,4.5,5.5,4.1,5.9,9.7,8.3,8.2,3.6,1.4,4.8,6.3,1.9,0.5,1.3,3.4,3.4,4.9,3.6,1.3,1.2,5.9,5.8,5.3,8.7,6.2,3.0,5.6,5.0,4.8,2.1,10.7,10.5,4.1,1.5,1.9,2.5,3.4,1.6,3.3,3.3,4.4,8.8,11.9,8.8,6.6,5.2,4.0,4.2,2.4,2.3,3.3,4.5,7.2,4.8,3.5,5.5,3.3,6.3,5.6,5.5,3.7,0.9,2.7,7.7,8.7,4.8,2.7,1.7,-1.1,1.6,-0.6,5.5,4.9,7.6,7.5,5.0,5.3,6.4,5.4,7.4,6.2,5.5,4.9,1.5,3.5,8.3,10.1,9.9,9.0,14.0,8.9,5.3,8.2,6.0,6.7,9.6,9.5,10.9,14.5,11.1,13.7,12.7,13.8,12.8,11.6,13.1,12.6,11.2,6.9,7.5,9.4,10.5,12.2,10.1,11.7,13.1,12.0,11.2,11.6,12.5,10.4,15.7,14.3,16.9,15.5,12.6,13.5,11.7,14.5,11.4,7.8,12.0,9.9,9.6,11.6,12.8,10.3,12.0,13.1,10.5,12.8,14.1,11.8,14.9,11.3,10.9,11.5,11.3,12.7,12.6,11.0,8.3,14.8,14.7,11.2,12.2,11.3,10.9,11.8,10.4,13.1,10.7,12.4,11.8,11.7,11.5,11.7,13.3,14.4,12.3,9.9,8.2,13.4,11.6,11.1,7.9,8.5,10.2,7.5,10.5,11.7,9.9,13.7,9.1,9.7,9.8,13.0,15.6,13.8,9.7,9.8,13.2,10.2,14.1,12.2,8.6,6.7,7.1,7.3,9.0,12.8,11.4,10.5,9.6,10.1,8.1,7.7,10.3,8.0,6.7,6.7,6.7,6.8,7.9,8.7,5.7,7.8,8.9,5.7,12.5,9.6,13.1,11.6,12.4,12.6,9.2,7.8,12.7,9.1,8.6,8.5,8.6,5.8,10.6,9.3,11.5,12.4,10.7,7.5,10.9,13.4,11.4,12.8,9.5,9.1,11.0,10.4,11.2,8.5,7.7,11.9,9.0,7.7,5.0,5.4,3.0,0.0,6.6,5.6,4.3,8.1,4.3,1.4,0.8,4.7,0.6,4.7,5.4,4.1,1.1,-1.2,6.2,8.6,0.9,-0.8,2.3,-0.8,5.3,10.9,12.3,4.2,1.0,-0.8,1.8,2.5,0.5,-0.7,-2.4,-0.9,1.2,3.3,2.8,6.4,7.2,2.1,-0.8,-2.0,-2.0,-5.8,-6.1,0.2,0.8,0.2,-1.8,0.1,-0.1,0.0,7.1,7.8,6.9,6.6,7.5,3.5,0.5,-0.5,-1.9,-2.1,3.0,4.6
0x5a586db7297695ece24678337cf7d08b46190afa,0.7,-1.2,-2.2,-1.8,-3.7,-1.2,5.6,5.6,2.5,2.6,4.5,-0.3,-0.8,-0.7,1.6,3.8,3.2,3.0,4.4,-0.9,-0.9,-2.5,1.2,-0.1,-0.1,-3.1,-3.2,2.1,-0.1,4.6,4.2,7.7,9.0,3.3,0.6,-0.1,-1.8,3.1,1.3,0.0,0.0,-0.2,1.3,1.5,0.9,6.2,4.5,5.5,4.1,5.9,9.7,8.3,8.2,3.6,1.4,4.8,6.3,1.9,0.5,1.3,3.4,3.4,4.9,3.6,1.3,1.2,5.9,5.8,5.3,8.7,6.2,3.0,5.6,5.0,4.8,2.1,10.7,10.5,4.1,1.5,1.9,2.5,3.4,1.6,3.3,3.3,4.4,8.8,11.9,8.8,6.6,5.2,4.0,4.2,2.4,2.3,3.3,4.5,7.2,4.8,3.5,5.5,3.3,6.3,5.6,5.5,3.7,0.9,2.7,7.7,8.7,4.8,2.7,1.7,-1.1,1.6,-0.6,5.5,4.9,7.6,7.5,5.0,5.3,6.4,5.4,7.4,6.2,5.5,4.9,1.5,3.5,8.3,10.1,9.9,9.0,14.0,8.9,5.3,8.2,6.0,6.7,9.6,9.5,10.9,14.5,11.1,13.7,12.7,13.8,12.8,11.6,13.1,12.6,11.2,6.9,7.5,9.4,10.5,12.2,10.1,11.7,13.1,12.0,11.2,11.6,12.5,10.4,15.7,14.3,16.9,15.5,12.6,13.5,11.7,14.5,11.4,7.8,12.0,9.9,9.6,11.6,12.8,10.3,12.0,13.1,10.5,12.8,14.1,11.8,14.9,11.3,10.9,11.5,11.3,12.7,12.6,11.0,8.3,14.8,14.7,11.2,12.2,11.3,10.9,11.8,10.4,13.1,10.7,12.4,11.8,11.7,11.5,11.7,13.3,14.4,12.3,9.9,8.2,13.4,11.6,11.1,7.9,8.5,10.2,7.5,10.5,11.7,9.9,13.7,9.1,9.7,9.8,13.0,15.6,13.8,9.7,9.8,13.2,10.2,14.1,12.2,8.6,6.7,7.1,7.3,9.0,12.8,11.4,10.5,9.6,10.1,8.1,7.7,10.3,8.0,6.7,6.7,6.7,6.8,7.9,8.7,5.7,7.8,8.9,5.7,12.5,9.6,13.1,11.6,12.4,12.6,9.2,7.8,12.7,9.1,8.6,8.5,8.6,5.8,10.6,9.3,11.5,12.4,10.7,7.5,10.9,13.4,11.4,12.8,9.5,9.1,11.0,10.4,11.2,8.5,7.7,11.9,9.0,7.7,5.0,5.4,3.0,0.0,6.6,5.6,4.3,8.1,4.3,1.4,0.8,4.7,0.6,4.7,5.4,4.1,1.1,-1.2,6.2,8.6,0.9,-0.8,2.3,-0.8,5.3,10.9,12.3,4.2,1.0,-0.8,1.8,2.5,0.5,-0.7,-2.4,-0.9,1.2,3.3,2.8,6.4,7.2,2.1,-0.8,-2.0,-2.0,-5.8,-6.1,0.2,0.8,0.2,-1.8,0.1,-0.1,0.0,7.1,7.8,6.9,6.6,7.5,3.5,0.5,-0.5,-1.9,-2.1,3.0,4.6
0x69da784e62a3e9dd846cf2a50aca353586f8f947,1.9,-1.5,-1.6,-0.4,-4.7,-3.4,6.3,6.7,3.3,2.8,4.5,0.6,0.3,0.0,0.6,3.5,-2.0,-2.5,-3.9,-5.6,-5.7,-5.5,-2.0,-0.9,-2.1,-3.0,-4.5,3.8,2.1,4.9,4.6,8.6,9.65,3.6,0.1,0.4,-2.0,0.4,1.0,0.3,0.3,-0.2,0.2,2.0,0.7,7.7,5.9,2.9,4.0,5.8,9.1,9.1,10.2,4.2,2.5,4.9,7.7,2.4,1.3,4.0,4.2,4.9,6.1,4.6,2.1,2.3,6.6,5.2,6.3,8.6,8.1,4.4,6.7,3.3,5.4,3.3,10.0,10.3,6.0,2.5,0.4,1.2,4.0,1.5,1.3,3.3,3.6,10.7,12.2,9.2,6.5,2.7,0.8,6.2,2.4,1.7,0.2,-0.2,7.3,5.8,4.5,6.2,4.6,6.2,7.0,6.0,1.7,1.3,-2.0,5.4,9.5,5.2,2.9,1.7,0.1,-1.7,-2.9,5.5,3.5,8.0,5.4,1.6,6.3,8.0,5.4,7.5,7.6,5.1,2.8,-1.7,1.3,10.2,10.4,10.1,9.1,14.5,9.6,7.3,7.4,5.8,7.4,8.0,9.5,9.2,9.7,11.1,11.1,11.3,14.3,13.0,11.2,10.6,13.5,11.0,7.9,9.7,9.9,9.3,12.5,11.5,13.0,12.6,11.1,10.1,9.2,12.5,10.0,12.9,13.1,14.7,15.4,12.2,14.2,11.7,14.2,12.3,6.8,13.7,11.4,11.0,11.7,12.9,13.1,12.4,10.1,9.3,15.1,15.8,12.6,14.7,12.4,12.4,10.5,11.9,11.7,13.6,15.5,8.8,14.1,15.8,12.1,12.1,12.0,12.0,12.3,11.3,13.8,12.4,12.9,13.2,12.8,12.5,12.2,13.8,15.1,14.3,9.7,7.1,12.9,12.2,12.3,8.1,8.8,14.5,8.7,8.1,13.1,8.6,14.1,11.5,11.4,9.2,13.1,16.2,14.1,11.8,8.6,11.2,12.4,13.3,12.9,10.4,5.5,5.5,5.2,8.3,13.4,12.8,10.3,9.9,10.4,9.3,8.2,10.3,9.0,10.1,7.5,6.8,5.7,7.8,9.7,5.6,8.9,10.0,3.4,11.2,10.6,13.4,11.6,13.2,12.7,10.8,10.0,13.7,10.4,8.9,9.3,9.6,7.0,10.3,9.6,11.0,11.7,11.2,9.7,11.5,12.8,10.7,12.7,9.3,8.9,12.6,10.95,11.0,8.6,9.2,13.4,7.7,5.4,5.5,5.4,3.6,-1.1,6.5,6.8,2.5,7.1,5.2,2.0,-1.7,5.4,-0.2,0.6,7.0,6.1,3.1,0.8,5.2,9.5,1.4,-2.1,4.3,1.2,6.3,11.1,12.7,6.4,-2.3,-1.2,1.1,3.5,1.9,0.8,-0.95,1.4,1.2,5.2,2.9,6.8,7.2,2.7,-0.3,-1.5,-2.3,-2.2,-4.4,2.7,2.1,1.1,-0.9,0.5,-2.2,-2.2,7.5,8.5,8.6,7.6,7.95,4.7,2.7,0.6,-1.45,-1.7,4.5,6.3
0x23dc50675a892c098794ae0abbb54528da422eba,1.4,-1.5,-1.5,-0.6,-1.6,-2.2,5.1,6.7,2.8,1.6,4.5,0.1,-0.1,-1.7,1.2,3.4,1.8,-1.5,-1.5,-1.9,-2.9,-3.4,-1.7,-1.5,-0.6,-3.8,-4.1,2.0,-0.4,4.6,4.5,7.8,8.8,2.9,1.5,0.4,-1.3,3.6,1.2,-0.1,-0.3,-0.5,0.7,1.2,0.5,6.5,5.0,4.4,3.7,4.5,8.3,8.8,9.4,3.5,1.1,4.2,6.8,2.1,-0.1,2.4,3.9,3.9,4.6,3.8,0.9,2.3,6.3,6.5,6.0,7.5,7.6,3.2,6.2,2.7,4.8,2.0,9.8,9.6,5.2,1.9,3.1,3.2,4.1,2.0,2.5,3.5,3.4,9.8,11.8,8.0,6.9,5.5,4.5,6.5,2.6,3.4,2.5,5.7,8.0,5.4,3.8,5.7,2.9,5.3,5.5,5.5,5.3,2.2,1.1,4.6,8.0,5.8,3.9,2.6,-0.1,0.3,-0.1,5.5,3.6,7.2,6.0,4.1,5.8,6.5,5.5,7.4,7.1,4.6,4.6,2.8,3.2,9.5,9.9,8.9,8.0,13.7,8.5,5.9,7.6,3.7,6.5,9.5,9.2,11.0,12.5,11.6,12.8,9.1,14.0,12.5,11.2,10.9,12.1,9.4,6.2,9.1,9.1,9.5,12.2,10.1,12.1,12.5,10.4,8.1,12.4,11.8,9.6,12.5,15.8,17.8,17.4,12.8,13.8,10.5,13.2,11.7,9.6,13.2,10.8,10.2,12.0,12.6,12.2,11.7,12.0,11.1,13.9,14.0,15.1,15.5,12.5,11.9,12.0,13.4,12.2,13.2,14.7,10.7,14.2,15.4,12.5,11.8,11.6,11.6,12.8,11.1,13.2,11.5,11.9,12.4,12.0,11.5,11.1,12.8,14.4,13.0,11.1,7.9,12.7,11.4,11.8,9.3,8.1,12.4,8.3,10.0,12.4,8.9,13.7,11.3,10.6,7.8,12.8,15.8,12.0,10.4,9.1,13.3,13.5,13.7,12.5,9.7,6.4,8.1,8.2,9.6,12.9,11.8,9.9,8.1,8.8,8.4,6.5,9.6,8.8,8.7,7.2,4.9,6.5,7.7,9.3,6.4,7.1,8.5,4.5,11.8,9.8,13.6,11.5,12.0,12.1,9.4,8.6,12.9,9.5,7.9,7.4,8.7,5.8,9.8,10.1,10.4,11.0,10.3,8.0,9.4,12.6,11.4,11.9,9.2,8.7,12.1,10.2,10.4,8.0,7.9,12.9,9.1,6.6,5.8,3.9,4.4,0.4,5.6,6.6,2.3,7.5,3.6,1.3,0.1,4.9,1.1,0.7,5.6,5.9,3.1,-0.1,4.8,8.8,2.4,-1.4,2.9,0.0,4.7,10.5,12.0,5.6,-0.8,-1.3,0.4,2.7,1.1,0.1,-2.1,0.5,1.2,3.2,2.0,6.2,6.4,1.8,-0.8,-1.7,-1.8,-3.6,-5.0,2.2,1.4,0.5,-0.8,-0.3,-1.8,-2.4,6.3,7.0,6.7,7.2,7.4,3.9,1.7,0.0,-2.2,-2.4,3.7,5.5
0x3efe28fb93c72bebc9cfa41bea027f67ff26470f,0.7,-1.2,-2.2,-1.8,-3.7,-1.2,5.6,5.6,2.5,2.6,4.5,-0.3,-0.8,-0.7,1.6,3.8,3.2,3.0,4.4,-0.9,-0.9,-2.5,1.2,-0.1,-0.1,-3.1,-3.2,2.1,-0.1,4.6,4.2,7.7,9.0,3.3,0.6,-0.1,-1.8,3.1,1.3,0.0,0.0,-0.2,1.3,1.5,0.9,6.2,4.5,5.5,4.1,5.9,9.7,8.3,8.2,3.6,1.4,4.8,6.3,1.9,0.5,1.3,3.4,3.4,4.9,3.6,1.3,1.2,5.9,5.8,5.3,8.7,6.2,3.0,5.6,5.0,4.8,2.1,10.7,10.5,4.1,1.5,1.9,2.5,3.4,1.6,3.3,3.3,4.4,8.8,11.9,8.8,6.6,5.2,4.0,4.2,2.4,2.3,3.3,4.5,7.2,4.8,3.5,5.5,3.3,6.3,5.6,5.5,3.7,0.9,2.7,7.7,8.7,4.8,2.7,1.7,-1.1,1.6,-0.6,5.5,4.9,7.6,7.5,5.0,5.3,6.4,5.4,7.4,6.2,5.5,4.9,1.5,3.5,8.3,10.1,9.9,9.0,14.0,8.9,5.3,8.2,6.0,6.7,9.6,9.5,10.9,14.5,11.1,13.7,12.7,13.8,12.8,11.6,13.1,12.6,11.2,6.9,7.5,9.4,10.5,12.2,10.1,11.7,13.1,12.0,11.2,11.6,12.5,10.4,15.7,14.3,16.9,15.5,12.6,13.5,11.7,14.5,11.4,7.8,12.0,9.9,9.6,11.6,12.8,10.3,12.0,13.1,10.5,12.8,14.1,11.8,14.9,11.3,10.9,11.5,11.3,12.7,12.6,11.0,8.3,14.8,14.7,11.2,12.2,11.3,10.9,11.8,10.4,13.1,10.7,12.4,11.8,11.7,11.5,11.7,13.3,14.4,12.3,9.9,8.2,13.4,11.6,11.1,7.9,8.5,10.2,7.5,10.5,11.7,9.9,13.7,9.1,9.7,9.8,13.0,15.6,13.8,9.7,9.8,13.2,10.2,14.1,12.2,8.6,6.7,7.1,7.3,9.0,12.8,11.4,10.5,9.6,10.1,8.1,7.7,10.3,8.0,6.7,6.7,6.7,6.8,7.9,8.7,5.7,7.8,8.9,5.7,12.5,9.6,13.1,11.6,12.4,12.6,9.2,7.8,12.7,9.1,8.6,8.5,8.6,5.8,10.6,9.3,11.5,12.4,10.7,7.5,10.9,13.4,11.4,12.8,9.5,9.1,11.0,10.4,11.2,8.5,7.7,11.9,9.0,7.7,5.0,5.4,3.0,0.0,6.6,5.6,4.3,8.1,4.3,1.4,0.8,4.7,0.6,4.7,5.4,4.1,1.1,-1.2,6.2,8.6,0.9,-0.8,2.3,-0.8,5.3,10.9,12.3,4.2,1.0,-0.8,1.8,2.5,0.5,-0.7,-2.4,-0.9,1.2,3.3,2.8,6.4,7.2,2.1,-0.8,-2.0,-2.0,-5.8,-6.1,0.2,0.8,0.2,-1.8,0.1,-0.1,0.0,7.1,7.8,6.9,6.6,7.5,3.5,0.5,-0.5,-1.9,-2.1,3.0,4.6
0x455050a81756e70e315c767d2181b46fb01a6bf2,0.7,-1.2,-2.2,-1.8,-3.7,-1.2,5.6,5.6,2.5,2.6,4.5,-0.3,-0.8,-0.7,1.6,3.8,3.2,3.0,4.4,-0.9,-0.9,-2.5,1.2,-0.1,-0.1,-3.1,-3.2,2.1,-0.1,4.6,4.2,7.7,9.0,3.3,0.6,-0.1,-1.8,3.1,1.3,0.0,0.0,-0.2,1.3,1.5,0.9,6.2,4.5,5.5,4.1,5.9,9.7,8.3,8.2,3.6,1.4,4.8,6.3,1.9,0.5,1.3,3.4,3.4,4.9,3.6,1.3,1.2,5.9,5.8,5.3,8.7,6.2,3.0,5.6,5.0,4.8,2.1,10.7,10.5,4.1,1.5,1.9,2.5,3.4,1.6,3.3,3.3,4.4,8.8,11.9,8.8,6.6,5.2,4.0,4.2,2.4,2.3,3.3,4.5,7.2,4.8,3.5,5.5,3.3,6.3,5.6,5.5,3.7,0.9,2.7,7.7,8.7,4.8,2.7,1.7,-1.1,1.6,-0.6,5.5,4.9,7.6,7.5,5.0,5.3,6.4,5.4,7.4,6.2,5.5,4.9,1.5,3.5,8.3,10.1,9.9,9.0,14.0,8.9,5.3,8.2,6.0,6.7,9.6,9.5,10.9,14.5,11.1,13.7,12.7,13.8,12.8,11.6,13.1,12.6,11.2,6.9,7.5,9.4,10.5,12.2,10.1,11.7,13.1,12.0,11.2,11.6,12.5,10.4,15.7,14.3,16.9,15.5,12.6,13.5,11.7,14.5,11.4,7.8,12.0,9.9,9.6,11.6,12.8,10.3,12.0,13.1,10.5,12.8,14.1,11.8,14.9,11.3,10.9,11.5,11.3,12.7,12.6,11.0,8.3,14.8,14.7,11.2,12.2,11.3,10.9,11.8,10.4,13.1,10.7,12.4,11.8,11.7,11.5,11.7,13.3,14.4,12.3,9.9,8.2,13.4,11.6,11.1,7.9,8.5,10.2,7.5,10.5,11.7,9.9,13.7,9.1,9.7,9.8,13.0,15.6,13.8,9.7,9.8,13.2,10.2,14.1,12.2,8.6,6.7,7.1,7.3,9.0,12.8,11.4,10.5,9.6,10.1,8.1,7.7,10.3,8.0,6.7,6.7,6.7,6.8,7.9,8.7,5.7,7.8,8.9,5.7,12.5,9.6,13.1,11.6,12.4,12.6,9.2,7.8,12.7,9.1,8.6,8.5,8.6,5.8,10.6,9.3,11.5,12.4,10.7,7.5,10.9,13.4,11.4,12.8,9.5,9.1,11.0,10.4,11.2,8.5,7.7,11.9,9.0,7.7,5.0,5.4,3.0,0.0,6.6,5.6,4.3,8.1,4.3,1.4,0.8,4.7,0.6,4.7,5.4,4.1,1.1,-1.2,6.2,8.6,0.9,-0.8,2.3,-0.8,5.3,10.9,12.3,4.2,1.0,-0.8,1.8,2.5,0.5,-0.7,-2.4,-0.9,1.2,3.3,2.8,6.4,7.2,2.1,-0.8,-2.0,-2.0,-5.8,-6.1,0.2,0.8,0.2,-1.8,0.1,-0.1,0.0,7.1,7.8,6.9,6.6,7.5,3.5,0.5,-0.5,-1.9,-2.1,3.0,4.6
0x1e1863732354a2789ae9f9503ee8af99b10d05e8,0.7,-1.2,-2.2,-1.8,-3.7,-1.2,5.6,5.6,2.5,2.6,4.5,-0.3,-0.8,-0.7,1.6,3.8,3.2,3.0,4.4,-0.9,-0.9,-2.5,1.2,-0.1,-0.1,-3.1,-3.2,2.1,-0.1,4.6,4.2,7.7,9.0,3.3,0.6,-0.1,-1.8,3.1,1.3,0.0,0.0,-0.2,1.3,1.5,0.9,6.2,4.5,5.5,4.1,5.9,9.7,8.3,8.2,3.6,1.4,4.8,6.3,1.9,0.5,1.3,3.4,3.4,4.9,3.6,1.3,1.2,5.9,5.8,5.3,8.7,6.2,3.0,5.6,5.0,4.8,2.1,10.7,10.5,4.1,1.5,1.9,2.5,3.4,1.6,3.3,3.3,4.4,8.8,11.9,8.8,6.6,5.2,4.0,4.2,2.4,2.3,3.3,4.5,7.2,4.8,3.5,5.5,3.3,6.3,5.6,5.5,3.7,0.9,2.7,7.7,8.7,4.8,2.7,1.7,-1.1,1.6,-0.6,5.5,4.9,7.6,7.5,5.0,5.3,6.4,5.4,7.4,6.2,5.5,4.9,1.5,3.5,8.3,10.1,9.9,9.0,14.0,8.9,5.3,8.2,6.0,6.7,9.6,9.5,10.9,14.5,11.1,13.7,12.7,13.8,12.8,11.6,13.1,12.6,11.2,6.9,7.5,9.4,10.5,12.2,10.1,11.7,13.1,12.0,11.2,11.6,12.5,10.4,15.7,14.3,16.9,15.5,12.6,13.5,11.7,14.5,11.4,7.8,12.0,9.9,9.6,11.6,12.8,10.3,12.0,13.1,10.5,12.8,14.1,11.8,14.9,11.3,10.9,11.5,11.3,12.7,12.6,11.0,8.3,14.8,14.7,11.2,12.2,11.3,10.9,11.8,10.4,13.1,10.7,12.4,11.8,11.7,11.5,11.7,13.3,14.4,12.3,9.9,8.2,13.4,11.6,11.1,7.9,8.5,10.2,7.5,10.5,11.7,9.9,13.7,9.1,9.7,9.8,13.0,15.6,13.8,9.7,9.8,13.2,10.2,14.1,12.2,8.6,6.7,7.1,7.3,9.0,12.8,11.4,10.5,9.6,10.1,8.1,7.7,10.3,8.0,6.7,6.7,6.7,6.8,7.9,8.7,5.7,7.8,8.9,5.7,12.5,9.6,13.1,11.6,12.4,12.6,9.2,7.8,12.7,9.1,8.6,8.5,8.6,5.8,10.6,9.3,11.5,12.4,10.7,7.5,10.9,13.4,11.4,12.8,9.5,9.1,11.0,10.4,11.2,8.5,7.7,11.9,9.0,7.7,5.0,5.4,3.0,0.0,6.6,5.6,4.3,8.1,4.3,1.4,0.8,4.7,0.6,4.7,5.4,4.1,1.1,-1.2,6.2,8.6,0.9,-0.8,2.3,-0.8,5.3,10.9,12.3,4.2,1.0,-0.8,1.8,2.5,0.5,-0.7,-2.4,-0.9,1.2,3.3,2.8,6.4,7.2,2.1,-0.8,-2.0,-2.0,-5.8,-6.1,0.2,0.8,0.2,-1.8,0.1,-0.1,0.0,7.1,7.8,6.9,6.6,7.5,3.5,0.5,-0.5,-1.9,-2.1,3.0,4.6
0xbf3af55ae765c470837edf0e338e17811e9bd309,1.2,-1.2,-0.7,0.0,-1.1,-1.5,5.4,7.1,3.5,3.5,4.5,0.3,-0.2,-0.4,1.3,3.6,2.1,0.5,2.0,-1.4,-1.6,-3.4,1.8,0.1,-0.2,-3.3,-3.3,3.0,0.5,4.7,4.0,8.1,9.2,3.8,1.3,1.4,-1.0,3.3,1.3,0.0,0.0,-0.2,0.9,1.6,1.3,7.5,5.2,6.2,4.0,5.0,9.6,8.9,9.7,3.6,1.5,5.1,7.0,2.1,0.9,2.4,4.4,4.1,5.4,4.0,2.2,2.2,6.4,6.5,5.7,9.0,7.7,3.8,5.9,5.6,5.5,2.6,10.2,10.3,5.8,2.6,3.9,3.2,3.8,1.9,3.3,3.4,3.4,9.8,11.9,8.6,7.6,5.4,4.1,6.2,3.4,3.6,3.7,3.4,7.3,5.8,4.2,6.2,4.4,6.7,6.7,5.9,4.1,1.8,1.0,6.0,9.4,6.0,4.6,2.5,0.2,0.8,0.6,5.7,5.2,8.1,7.2,4.7,5.8,7.0,6.0,7.6,6.7,5.5,4.6,1.1,3.6,9.3,10.8,10.4,9.0,14.1,9.1,6.6,8.6,6.6,7.5,9.3,10.5,11.4,13.7,12.3,13.5,12.5,14.4,13.7,12.7,12.3,13.4,11.9,8.4,8.6,9.5,10.0,12.3,10.9,12.6,13.4,12.1,11.0,11.4,13.2,11.1,14.5,15.1,17.9,17.4,12.7,14.8,12.3,15.2,12.2,8.8,12.6,10.9,10.5,12.3,12.8,11.5,12.0,13.0,11.3,14.2,15.6,14.9,15.4,13.6,12.1,12.1,12.0,14.0,14.1,13.4,8.3,14.8,15.3,12.5,12.5,11.7,11.6,11.9,10.8,13.7,12.1,12.2,12.7,12.5,12.3,11.4,13.4,14.7,13.4,12.3,9.4,13.7,11.9,11.1,8.2,9.2,12.9,9.2,10.4,12.5,9.4,13.7,10.4,10.2,10.0,12.9,16.1,14.7,11.1,10.2,13.5,11.6,13.3,13.1,10.9,7.1,7.5,8.2,10.0,12.9,12.2,9.6,9.7,10.4,9.2,7.8,10.2,9.6,8.8,7.4,6.5,7.1,6.7,9.0,5.9,7.9,9.6,4.8,11.2,10.5,13.4,11.3,12.4,12.3,9.5,9.5,12.9,9.8,8.0,9.0,9.8,7.0,10.6,10.0,11.5,11.9,11.1,8.7,10.7,13.0,11.8,12.6,9.7,8.7,11.5,10.7,10.9,8.9,8.7,12.4,8.8,7.3,5.7,5.1,3.7,2.3,6.7,6.5,4.6,8.8,4.8,1.7,1.0,5.2,2.6,3.2,6.0,5.1,2.5,0.6,5.3,9.5,1.8,0.7,3.5,0.4,5.6,11.4,12.2,5.8,1.3,0.0,1.4,3.5,1.6,0.4,-1.2,1.2,1.6,4.7,3.3,6.5,7.0,2.7,-0.7,-2.1,-1.0,-4.2,-4.5,2.1,1.8,0.5,-0.8,-0.6,0.6,-0.2,7.6,8.3,7.3,7.3,7.1,3.9,2.0,0.2,-0.8,-1.9,3.7,5.6
0xc41d1a5dfaa32d4f2f095424effd031420a7acfc,1.2,-1.2,-0.7,0.0,-1.1,-1.5,5.4,7.1,3.5,3.5,4.5,0.3,-0.2,-0.4,1.3,3.6,2.1,0.5,2.0,-1.4,-1.6,-3.4,1.8,0.1,-0.2,-3.3,-3.3,3.0,0.5,4.7,4.0,8.1,9.2,3.8,1.3,1.4,-1.0,3.3,1.3,0.0,0.0,-0.2,0.9,1.6,1.3,7.5,5.2,6.2,4.0,5.0,9.6,8.9,9.7,3.6,1.5,5.1,7.0,2.1,0.9,2.4,4.4,4.1,5.4,4.0,2.2,2.2,6.4,6.5,5.7,9.0,7.7,3.8,5.9,5.6,5.5,2.6,10.2,10.3,5.8,2.6,3.9,3.2,3.8,1.9,3.3,3.4,3.4,9.8,11.9,8.6,7.6,5.4,4.1,6.2,3.4,3.6,3.7,3.4,7.3,5.8,4.2,6.2,4.4,6.7,6.7,5.9,4.1,1.8,1.0,6.0,9.4,6.0,4.6,2.5,0.2,0.8,0.6,5.7,5.2,8.1,7.2,4.7,5.8,7.0,6.0,7.6,6.7,5.5,4.6,1.1,3.6,9.3,10.8,10.4,9.0,14.1,9.1,6.6,8.6,6.6,7.5,9.3,10.5,11.4,13.7,12.3,13.5,12.5,14.4,13.7,12.7,12.3,13.4,11.9,8.4,8.6,9.5,10.0,12.3,10.9,12.6,13.4,12.1,11.0,11.4,13.2,11.1,14.5,15.1,17.9,17.4,12.7,14.8,12.3,15.2,12.2,8.8,12.6,10.9,10.5,12.3,12.8,11.5,12.0,13.0,11.3,14.2,15.6,14.9,15.4,13.6,12.1,12.1,12.0,14.0,14.1,13.4,8.3,14.8,15.3,12.5,12.5,11.7,11.6,11.9,10.8,13.7,12.1,12.2,12.7,12.5,12.3,11.4,13.4,14.7,13.4,12.3,9.4,13.7,11.9,11.1,8.2,9.2,12.9,9.2,10.4,12.5,9.4,13.7,10.4,10.2,10.0,12.9,16.1,14.7,11.1,10.2,13.5,11.6,13.3,13.1,10.9,7.1,7.5,8.2,10.0,12.9,12.2,9.6,9.7,10.4,9.2,7.8,10.2,9.6,8.8,7.4,6.5,7.1,6.7,9.0,5.9,7.9,9.6,4.8,11.2,10.5,13.4,11.3,12.4,12.3,9.5,9.5,12.9,9.8,8.0,9.0,9.8,7.0,10.6,10.0,11.5,11.9,11.1,8.7,10.7,13.0,11.8,12.6,9.7,8.7,11.5,10.7,10.9,8.9,8.7,12.4,8.8,7.3,5.7,5.1,3.7,2.3,6.7,6.5,4.6,8.8,4.8,1.7,1.0,5.2,2.6,3.2,6.0,5.1,2.5,0.6,5.3,9.5,1.8,0.7,3.5,0.4,5.6,11.4,12.2,5.8,1.3,0.0,1.4,3.5,1.6,0.4,-1.2,1.2,1.6,4.7,3.3,6.5,7.0,2.7,-0.7,-2.1,-1.0,-4.2,-4.5,2.1,1.8,0.5,-0.8,-0.6,0.6,-0.2,7.6,8.3,7.3,7.3,7.1,3.9,2.0,0.2,-0.8,-1.9,3.7,5.6
0xe4f787cb5ca9037f68706ac08d5d5b17a972b6a8,1.2,-1.2,-0.7,0.0,-1.1,-1.5,5.4,7.1,3.5,3.5,4.5,0.3,-0.2,-0.4,1.3,3.6,2.1,0.5,2.0,-1.4,-1.6,-3.4,1.8,0.1,-0.2,-3.3,-3.3,3.0,0.5,4.7,4.0,8.1,9.2,3.8,1.3,1.4,-1.0,3.3,1.3,0.0,0.0,-0.2,0.9,1.6,1.3,7.5,5.2,6.2,4.0,5.0,9.6,8.9,9.7,3.6,1.5,5.1,7.0,2.1,0.9,2.4,4.4,4.1,5.4,4.0,2.2,2.2,6.4,6.5,5.7,9.0,7.7,3.8,5.9,5.6,5.5,2.6,10.2,10.3,5.8,2.6,3.9,3.2,3.8,1.9,3.3,3.4,3.4,9.8,11.9,8.6,7.6,5.4,4.1,6.2,3.4,3.6,3.7,3.4,7.3,5.8,4.2,6.2,4.4,6.7,6.7,5.9,4.1,1.8,1.0,6.0,9.4,6.0,4.6,2.5,0.2,0.8,0.6,5.7,5.2,8.1,7.2,4.7,5.8,7.0,6.0,7.6,6.7,5.5,4.6,1.1,3.6,9.3,10.8,10.4,9.0,14.1,9.1,6.6,8.6,6.6,7.5,9.3,10.5,11.4,13.7,12.3,13.5,12.5,14.4,13.7,12.7,12.3,13.4,11.9,8.4,8.6,9.5,10.0,12.3,10.9,12.6,13.4,12.1,11.0,11.4,13.2,11.1,14.5,15.1,17.9,17.4,12.7,14.8,12.3,15.2,12.2,8.8,12.6,10.9,10.5,12.3,12.8,11.5,12.0,13.0,11.3,14.2,15.6,14.9,15.4,13.6,12.1,12.1,12.0,14.0,14.1,13.4,8.3,14.8,15.3,12.5,12.5,11.7,11.6,11.9,10.8,13.7,12.1,12.2,12.7,12.5,12.3,11.4,13.4,14.7,13.4,12.3,9.4,13.7,11.9,11.1,8.2,9.2,12.9,9.2,10.4,12.5,9.4,13.7,10.4,10.2,10.0,12.9,16.1,14.7,11.1,10.2,13.5,11.6,13.3,13.1,10.9,7.1,7.5,8.2,10.0,12.9,12.2,9.6,9.7,10.4,9.2,7.8,10.2,9.6,8.8,7.4,6.5,7.1,6.7,9.0,5.9,7.9,9.6,4.8,11.2,10.5,13.4,11.3,12.4,12.3,9.5,9.5,12.9,9.8,8.0,9.0,9.8,7.0,10.6,10.0,11.5,11.9,11.1,8.7,10.7,13.0,11.8,12.6,9.7,8.7,11.5,10.7,10.9,8.9,8.7,12.4,8.8,7.3,5.7,5.1,3.7,2.3,6.7,6.5,4.6,8.8,4.8,1.7,1.0,5.2,2.6,3.2,6.0,5.1,2.5,0.6,5.3,9.5,1.8,0.7,3.5,0.4,5.6,11.4,12.2,5.8,1.3,0.0,1.4,3.5,1.6,0.4,-1.2,1.2,1.6,4.7,3.3,6.5,7.0,2.7,-0.7,-2.1,-1.0,-4.2,-4.5,2.1,1.8,0.5,-0.8,-0.6,0.6,-0.2,7.6,8.3,7.3,7.3,7.1,3.9,2.0,0.2,-0.8,-1.9,3.7,5.6
0x45f619233b5c9524a6b2fb2dd330871221d7e429,1.2,-1.2,-0.7,0.0,-1.1,-1.5,5.4,7.1,3.5,3.5,4.5,0.3,-0.2,-0.4,1.3,3.6,2.1,0.5,2.0,-1.4,-1.6,-3.4,1.8,0.1,-0.2,-3.3,-3.3,3.0,0.5,4.7,4.0,8.1,9.2,3.8,1.3,1.4,-1.0,3.3,1.3,0.0,0.0,-0.2,0.9,1.6,1.3,7.5,5.2,6.2,4.0,5.0,9.6,8.9,9.7,3.6,1.5,5.1,7.0,2.1,0.9,2.4,4.4,4.1,5.4,4.0,2.2,2.2,6.4,6.5,5.7,9.0,7.7,3.8,5.9,5.6,5.5,2.6,10.2,10.3,5.8,2.6,3.9,3.2,3.8,1.9,3.3,3.4,3.4,9.8,11.9,8.6,7.6,5.4,4.1,6.2,3.4,3.6,3.7,3.4,7.3,5.8,4.2,6.2,4.4,6.7,6.7,5.9,4.1,1.8,1.0,6.0,9.4,6.0,4.6,2.5,0.2,0.8,0.6,5.7,5.2,8.1,7.2,4.7,5.8,7.0,6.0,7.6,6.7,5.5,4.6,1.1,3.6,9.3,10.8,10.4,9.0,14.1,9.1,6.6,8.6,6.6,7.5,9.3,10.5,11.4,13.7,12.3,13.5,12.5,14.4,13.7,12.7,12.3,13.4,11.9,8.4,8.6,9.5,10.0,12.3,10.9,12.6,13.4,12.1,11.0,11.4,13.2,11.1,14.5,15.1,17.9,17.4,12.7,14.8,12.3,15.2,12.2,8.8,12.6,10.9,10.5,12.3,12.8,11.5,12.0,13.0,11.3,14.2,15.6,14.9,15.4,13.6,12.1,12.1,12.0,14.0,14.1,13.4,8.3,14.8,15.3,12.5,12.5,11.7,11.6,11.9,10.8,13.7,12.1,12.2,12.7,12.5,12.3,11.4,13.4,14.7,13.4,12.3,9.4,13.7,11.9,11.1,8.2,9.2,12.9,9.2,10.4,12.5,9.4,13.7,10.4,10.2,10.0,12.9,16.1,14.7,11.1,10.2,13.5,11.6,13.3,13.1,10.9,7.1,7.5,8.2,10.0,12.9,12.2,9.6,9.7,10.4,9.2,7.8,10.2,9.6,8.8,7.4,6.5,7.1,6.7,9.0,5.9,7.9,9.6,4.8,11.2,10.5,13.4,11.3,12.4,12.3,9.5,9.5,12.9,9.8,8.0,9.0,9.8,7.0,10.6,10.0,11.5,11.9,11.1,8.7,10.7,13.0,11.8,12.6,9.7,8.7,11.5,10.7,10.9,8.9,8.7,12.4,8.8,7.3,5.7,5.1,3.7,2.3,6.7,6.5,4.6,8.8,4.8,1.7,1.0,5.2,2.6,3.2,6.0,5.1,2.5,0.6,5.3,9.5,1.8,0.7,3.5,0.4,5.6,11.4,12.2,5.8,1.3,0.0,1.4,3.5,1.6,0.4,-1.2,1.2,1.6,4.7,3.3,6.5,7.0,2.7,-0.7,-2.1,-1.0,-4.2,-4.5,2.1,1.8,0.5,-0.8,-0.6,0.6,-0.2,7.6,8.3,7.3,7.3,7.1,3.9,2.0,0.2,-0.8,-1.9,3.7,5.6
0xd024606242f8beffc680b1cac51625ccfd606cc8,1.2,-1.2,-0.7,0.0,-1.1,-1.5,5.4,7.1,3.5,3.5,4.5,0.3,-0.2,-0.4,1.3,3.6,2.1,0.5,2.0,-1.4,-1.6,-3.4,1.8,0.1,-0.2,-3.3,-3.3,3.0,0.5,4.7,4.0,8.1,9.2,3.8,1.3,1.4,-1.0,3.3,1.3,0.0,0.0,-0.2,0.9,1.6,1.3,7.5,5.2,6.2,4.0,5.0,9.6,8.9,9.7,3.6,1.5,5.1,7.0,2.1,0.9,2.4,4.4,4.1,5.4,4.0,2.2,2.2,6.4,6.5,5.7,9.0,7.7,3.8,5.9,5.6,5.5,2.6,10.2,10.3,5.8,2.6,3.9,3.2,3.8,1.9,3.3,3.4,3.4,9.8,11.9,8.6,7.6,5.4,4.1,6.2,3.4,3.6,3.7,3.4,7.3,5.8,4.2,6.2,4.4,6.7,6.7,5.9,4.1,1.8,1.0,6.0,9.4,6.0,4.6,2.5,0.2,0.8,0.6,5.7,5.2,8.1,7.2,4.7,5.8,7.0,6.0,7.6,6.7,5.5,4.6,1.1,3.6,9.3,10.8,10.4,9.0,14.1,9.1,6.6,8.6,6.6,7.5,9.3,10.5,11.4,13.7,12.3,13.5,12.5,14.4,13.7,12.7,12.3,13.4,11.9,8.4,8.6,9.5,10.0,12.3,10.9,12.6,13.4,12.1,11.0,11.4,13.2,11.1,14.5,15.1,17.9,17.4,12.7,14.8,12.3,15.2,12.2,8.8,12.6,10.9,10.5,12.3,12.8,11.5,12.0,13.0,11.3,14.2,15.6,14.9,15.4,13.6,12.1,12.1,12.0,14.0,14.1,13.4,8.3,14.8,15.3,12.5,12.5,11.7,11.6,11.9,10.8,13.7,12.1,12.2,12.7,12.5,12.3,11.4,13.4,14.7,13.4,12.3,9.4,13.7,11.9,11.1,8.2,9.2,12.9,9.2,10.4,12.5,9.4,13.7,10.4,10.2,10.0,12.9,16.1,14.7,11.1,10.2,13.5,11.6,13.3,13.1,10.9,7.1,7.5,8.2,10.0,12.9,12.2,9.6,9.7,10.4,9.2,7.8,10.2,9.6,8.8,7.4,6.5,7.1,6.7,9.0,5.9,7.9,9.6,4.8,11.2,10.5,13.4,11.3,12.4,12.3,9.5,9.5,12.9,9.8,8.0,9.0,9.8,7.0,10.6,10.0,11.5,11.9,11.1,8.7,10.7,13.0,11.8,12.6,9.7,8.7,11.5,10.7,10.9,8.9,8.7,12.4,8.8,7.3,5.7,5.1,3.7,2.3,6.7,6.5,4.6,8.8,4.8,1.7,1.0,5.2,2.6,3.2,6.0,5.1,2.5,0.6,5.3,9.5,1.8,0.7,3.5,0.4,5.6,11.4,12.2,5.8,1.3,0.0,1.4,3.5,1.6,0.4,-1.2,1.2,1.6,4.7,3.3,6.5,7.0,2.7,-0.7,-2.1,-1.0,-4.2,-4.5,2.1,1.8,0.5,-0.8,-0.6,0.6,-0.2,7.6,8.3,7.3,7.3,7.1,3.9,2.0,0.2,-0.8,-1.9,3.7,5.6
0x76c55be9ee67a011ebc2f942819dc2a9dfc57bb9,0.2,-1.2,-0.7,-1.7,-5.5,-2.7,6.0,4.7,2.5,2.7,5.0,0.0,0.2,0.4,3.1,4.6,3.7,3.8,4.9,-2.6,-2.1,-2.8,0.5,-3.2,-0.5,-3.1,-5.1,2.7,0.2,4.7,4.6,7.6,9.4,3.5,1.4,0.8,-3.5,3.5,1.3,0.4,0.3,0.0,1.7,2.4,0.5,5.1,4.4,6.4,5.0,5.9,9.7,8.4,8.3,3.7,1.7,5.4,7.1,2.0,0.7,1.5,3.0,3.7,5.3,3.8,1.4,2.3,6.6,5.9,5.0,9.0,6.2,3.1,6.1,5.1,4.9,2.8,11.0,11.0,4.3,2.0,-0.4,-0.4,3.3,0.5,2.8,3.7,5.4,9.5,11.6,9.7,7.2,4.7,3.3,5.1,3.7,2.9,2.6,0.5,5.8,4.8,3.6,6.2,3.9,6.8,5.3,5.6,3.9,1.3,3.3,7.4,7.1,4.9,-0.1,1.7,0.3,2.0,-0.7,5.7,5.6,8.3,7.7,5.5,4.7,6.6,5.5,8.0,6.0,5.1,3.5,-0.9,2.6,8.7,10.4,10.0,8.2,14.3,9.1,5.1,8.6,5.9,6.9,9.2,9.0,10.4,11.9,12.2,11.5,14.1,13.6,13.4,11.5,13.0,12.9,10.6,7.7,8.0,9.8,11.2,12.5,10.3,12.2,12.3,12.6,11.3,9.3,12.4,10.5,16.2,12.4,14.6,15.7,13.1,13.2,12.3,14.1,11.6,8.5,12.9,10.4,9.9,11.8,12.9,10.8,13.1,13.5,9.9,12.4,14.0,11.2,12.3,12.5,11.1,11.3,11.7,12.7,13.3,11.0,7.3,11.4,15.3,11.8,12.7,10.9,11.6,12.3,10.5,13.1,11.0,13.0,11.7,12.1,11.7,12.2,13.5,14.3,12.3,10.5,8.2,13.1,11.7,9.7,6.3,8.5,11.3,7.8,10.2,11.4,8.2,14.0,9.3,9.8,9.8,13.3,15.7,12.7,10.2,10.1,11.7,7.5,12.0,11.7,8.8,5.3,6.4,8.5,8.9,13.0,11.5,10.9,10.7,11.1,8.3,8.1,10.3,9.0,8.4,7.4,7.3,6.2,5.4,7.5,4.1,8.8,7.8,5.0,11.8,9.3,12.7,12.0,12.5,12.4,9.9,8.5,12.7,9.4,9.3,8.6,9.4,5.9,11.0,9.7,11.6,13.0,10.9,7.8,12.1,13.2,11.2,13.5,10.0,9.0,11.0,10.7,11.0,8.8,8.7,12.3,9.1,8.0,3.4,5.0,1.3,-0.8,7.0,3.9,4.1,8.5,4.7,1.2,0.1,5.5,0.5,5.0,5.5,5.0,2.7,-0.8,6.5,8.7,0.5,-1.0,3.5,0.6,6.0,11.0,12.6,4.4,0.7,-0.3,1.7,2.1,1.3,0.2,-1.1,-0.3,2.1,4.4,4.4,6.6,7.6,3.0,-0.2,-1.2,-1.7,-4.9,-6.6,0.2,1.4,-0.2,-1.1,-0.4,0.3,0.0,6.5,8.2,6.6,7.0,6.9,3.9,2.2,-0.6,-1.1,-1.8,3.3,4.6
0x6a749977846431e0a4ccdb029f34d92f112b0193,0.7,-1.2,-2.2,-1.8,-3.7,-1.2,5.6,5.6,2.5,2.6,4.5,-0.3,-0.8,-0.7,1.6,3.8,3.2,3.0,4.4,-0.9,-0.9,-2.5,1.2,-0.1,-0.1,-3.1,-3.2,2.1,-0.1,4.6,4.2,7.7,9.0,3.3,0.6,-0.1,-1.8,3.1,1.3,0.0,0.0,-0.2,1.3,1.5,0.9,6.2,4.5,5.5,4.1,5.9,9.7,8.3,8.2,3.6,1.4,4.8,6.3,1.9,0.5,1.3,3.4,3.4,4.9,3.6,1.3,1.2,5.9,5.8,5.3,8.7,6.2,3.0,5.6,5.0,4.8,2.1,10.7,10.5,4.1,1.5,1.9,2.5,3.4,1.6,3.3,3.3,4.4,8.8,11.9,8.8,6.6,5.2,4.0,4.2,2.4,2.3,3.3,4.5,7.2,4.8,3.5,5.5,3.3,6.3,5.6,5.5,3.7,0.9,2.7,7.7,8.7,4.8,2.7,1.7,-1.1,1.6,-0.6,5.5,4.9,7.6,7.5,5.0,5.3,6.4,5.4,7.4,6.2,5.5,4.9,1.5,3.5,8.3,10.1,9.9,9.0,14.0,8.9,5.3,8.2,6.0,6.7,9.6,9.5,10.9,14.5,11.1,13.7,12.7,13.8,12.8,11.6,13.1,12.6,11.2,6.9,7.5,9.4,10.5,12.2,10.1,11.7,13.1,12.0,11.2,11.6,12.5,10.4,15.7,14.3,16.9,15.5,12.6,13.5,11.7,14.5,11.4,7.8,12.0,9.9,9.6,11.6,12.8,10.3,12.0,13.1,10.5,12.8,14.1,11.8,14.9,11.3,10.9,11.5,11.3,12.7,12.6,11.0,8.3,14.8,14.7,11.2,12.2,11.3,10.9,11.8,10.4,13.1,10.7,12.4,11.8,11.7,11.5,11.7,13.3,14.4,12.3,9.9,8.2,13.4,11.6,11.1,7.9,8.5,10.2,7.5,10.5,11.7,9.9,13.7,9.1,9.7,9.8,13.0,15.6,13.8,9.7,9.8,13.2,10.2,14.1,12.2,8.6,6.7,7.1,7.3,9.0,12.8,11.4,10.5,9.6,10.1,8.1,7.7,10.3,8.0,6.7,6.7,6.7,6.8,7.9,8.7,5.7,7.8,8.9,5.7,12.5,9.6,13.1,11.6,12.4,12.6,9.2,7.8,12.7,9.1,8.6,8.5,8.6,5.8,10.6,9.3,11.5,12.4,10.7,7.5,10.9,13.4,11.4,12.8,9.5,9.1,11.0,10.4,11.2,8.5,7.7,11.9,9.0,7.7,5.0,5.4,3.0,0.0,6.6,5.6,4.3,8.1,4.3,1.4,0.8,4.7,0.6,4.7,5.4,4.1,1.1,-1.2,6.2,8.6,0.9,-0.8,2.3,-0.8,5.3,10.9,12.3,4.2,1.0,-0.8,1.8,2.5,0.5,-0.7,-2.4,-0.9,1.2,3.3,2.8,6.4,7.2,2.1,-0.8,-2.0,-2.0,-5.8,-6.1,0.2,0.8,0.2,-1.8,0.1,-0.1,0.0,7.1,7.8,6.9,6.6,7.5,3.5,0.5,-0.5,-1.9,-2.1,3.0,4.6
0x2fc800daafd272119926b1612c767d33dbf8b122,-0.3,-1.8,-2.2,-2.2,-5.2,-1.6,6.4,5.7,3.5,3.5,5.2,0.6,0.5,0.9,3.9,4.5,3.7,3.5,4.5,-0.7,-1.0,-2.7,1.3,-0.3,-0.4,-2.6,-4.9,3.1,1.2,5.0,4.9,7.8,9.3,3.6,0.8,-0.4,-1.3,3.7,1.0,0.4,0.3,0.1,1.7,2.5,0.8,6.7,4.8,6.1,4.9,5.9,9.5,9.9,9.3,3.4,2.7,5.6,6.9,2.2,1.4,1.8,4.7,4.2,4.7,4.3,0.9,3.4,6.7,6.6,6.4,8.9,7.2,3.8,6.2,4.9,5.0,3.2,11.8,10.7,5.1,2.4,1.4,-0.6,3.0,-0.1,1.2,4.1,4.9,9.4,12.1,8.6,7.4,6.3,4.3,5.8,3.5,4.2,5.3,2.6,5.5,6.0,5.3,7.0,4.2,6.7,6.0,6.2,3.8,1.3,2.4,7.5,10.3,4.3,0.5,3.4,1.2,2.3,-0.5,6.1,3.8,8.4,6.1,4.6,5.2,7.0,5.3,7.7,6.1,4.6,3.1,-0.1,2.5,9.1,10.6,9.3,8.4,14.6,8.7,7.3,,8.6,7.2,10.4,10.4,10.7,12.0,11.4,14.6,12.8,14.7,13.0,12.2,12.4,12.7,10.8,7.3,7.6,9.4,11.0,12.7,10.3,12.1,13.2,12.5,11.4,10.1,12.5,11.7,15.1,12.8,15.6,16.4,14.1,14.3,12.7,15.1,12.6,9.5,13.0,11.2,10.3,11.8,13.4,12.2,12.8,12.3,10.5,12.5,14.7,13.1,15.5,12.2,11.7,11.8,13.5,14.0,14.0,12.3,8.0,12.7,15.1,12.1,12.9,10.4,11.8,13.1,11.9,13.6,11.8,12.4,12.8,12.2,12.2,11.7,13.2,14.4,13.5,10.5,8.1,13.8,12.1,11.0,7.6,8.5,11.9,6.9,10.7,11.5,9.3,14.0,9.4,9.8,8.9,13.4,16.0,13.8,11.0,9.4,13.1,10.1,13.8,12.3,9.2,6.9,6.8,7.1,9.9,13.4,11.5,10.8,9.6,11.0,9.0,7.8,10.5,8.8,8.6,6.9,6.8,6.4,7.7,9.2,5.9,8.1,7.6,5.4,12.1,10.4,13.4,11.7,13.0,12.4,9.8,8.6,12.9,10.5,9.2,8.7,10.1,7.7,11.1,10.6,11.9,12.7,11.0,8.2,11.0,13.4,12.1,13.1,9.5,9.4,10.8,10.7,11.3,9.3,8.5,12.1,8.0,7.5,5.2,4.3,2.3,-0.4,7.0,3.8,2.3,8.5,5.3,1.9,0.1,6.0,0.7,5.5,6.9,5.8,3.5,0.4,6.7,9.3,0.9,-0.9,3.4,1.4,6.4,11.3,12.6,5.2,2.4,-0.2,2.0,2.9,1.9,0.7,-0.7,0.5,2.7,4.5,4.4,7.2,7.5,2.9,-0.2,-0.8,-1.3,-5.3,-6.6,1.8,2.1,0.2,-0.9,-0.5,-0.3,-0.3,7.4,8.5,8.4,6.6,7.6,4.0,0.4,0.5,-1.7,-1.4,3.5,5.3
0xa00abe9e7244992f10bbb688593acee69df6ec19,1.4,-1.5,-1.7,-2.7,-5.3,-3.2,6.1,6.7,3.2,3.1,4.9,-0.3,-0.2,-0.7,3.3,4.7,3.9,3.6,1.2,-2.2,-3.2,-3.9,-0.3,-3.4,0.4,-2.2,-3.3,3.3,-0.3,5.5,5.7,7.6,9.7,3.7,1.3,-0.3,-3.5,4.5,1.2,0.7,0.7,0.5,1.9,2.7,1.4,6.3,3.8,5.4,4.9,6.8,8.5,8.9,10.0,3.8,1.2,5.3,6.9,3.2,0.7,2.4,4.9,3.4,5.1,4.3,0.1,3.0,6.4,6.9,4.8,8.4,5.7,2.3,6.5,5.3,3.0,2.0,11.0,9.9,6.0,2.1,-0.1,-0.3,4.2,1.3,2.1,3.9,4.6,10.7,12.1,9.1,6.7,4.2,1.9,3.8,1.0,3.1,2.2,0.6,3.7,5.2,3.5,6.0,2.2,6.0,6.6,5.7,2.3,3.1,2.6,4.4,5.1,4.2,-0.2,2.6,0.0,2.3,-1.6,6.3,2.8,8.8,7.8,4.2,6.9,7.3,5.4,8.3,7.9,5.9,2.2,-1.3,3.1,10.0,11.1,9.5,8.8,14.8,8.4,4.7,8.1,5.5,6.6,7.9,10.9,10.1,10.2,10.5,12.8,13.7,15.2,13.0,13.0,11.0,11.6,9.7,7.6,7.7,9.6,10.4,13.0,9.7,12.4,13.3,11.7,9.7,8.7,11.4,10.6,13.7,12.8,15.8,16.7,14.0,12.8,11.5,14.1,12.2,8.7,13.4,11.8,10.9,11.3,13.8,12.7,13.0,12.4,9.1,13.1,13.5,14.3,16.2,13.6,12.3,12.5,14.8,14.5,14.3,15.4,7.3,14.3,16.1,12.5,13.7,10.1,12.1,13.7,11.1,13.3,12.7,12.8,13.5,13.1,12.3,11.5,14.3,15.0,13.9,11.2,8.0,14.5,12.6,11.3,6.6,9.1,12.0,7.3,10.5,11.1,9.1,14.5,11.4,11.0,8.6,13.6,16.6,13.9,11.6,8.6,13.4,11.9,12.1,12.7,10.2,6.6,5.9,6.9,9.9,14.0,11.5,9.1,8.2,9.5,8.4,7.6,10.6,8.8,8.4,7.2,6.1,7.0,6.8,8.0,5.9,7.1,8.1,3.4,12.1,10.2,13.6,11.6,12.7,13.5,9.9,9.9,13.7,9.3,8.2,8.7,9.1,6.2,11.2,7.7,12.1,13.0,10.5,8.5,11.6,11.5,13.1,13.8,9.8,9.7,11.5,11.1,11.7,9.2,9.4,12.9,6.9,5.9,4.2,3.7,1.9,-0.7,6.8,3.8,3.0,8.4,5.2,1.8,-0.8,6.3,0.5,3.0,5.8,6.8,4.4,-0.4,6.6,9.1,1.1,-2.0,3.4,1.3,6.4,11.3,12.3,5.5,-0.9,-0.4,0.7,3.5,1.4,-0.1,-2.7,1.3,1.6,3.1,3.9,6.4,7.8,3.4,-0.4,-2.5,-0.7,-5.4,-6.6,2.2,1.4,1.3,-1.3,-1.1,-0.7,-1.4,6.7,8.0,8.4,6.6,5.9,4.9,1.5,-0.1,-3.0,-2.3,4.2,6.2
0xa726c283474e8e494fe3473ddf09ebdda0837e51,1.1,0.3,0.1,0.0,-2.1,-2.3,6.6,6.0,3.3,3.2,4.8,0.4,0.4,0.6,3.7,4.2,3.6,3.4,3.8,-1.0,-1.2,-3.6,1.4,-1.3,0.3,-2.9,-3.8,3.1,-0.4,4.8,4.6,8.0,9.4,3.5,0.1,1.0,-2.9,3.6,1.8,0.2,0.2,0.0,1.4,2.5,1.2,6.1,4.7,6.1,4.6,5.9,9.2,9.3,9.6,3.7,2.4,5.1,6.9,2.3,0.4,1.8,4.5,3.8,4.9,4.0,0.9,3.0,6.6,7.3,5.9,8.9,6.9,2.4,6.5,4.2,5.3,2.6,10.8,10.2,5.4,2.1,1.5,1.5,3.7,1.7,3.3,3.9,4.4,9.6,11.9,9.1,7.6,5.3,2.5,5.6,3.5,5.1,5.1,2.5,5.7,5.5,4.1,6.6,3.3,6.6,5.9,6.1,5.1,2.7,2.3,7.6,10.2,6.3,1.7,3.0,1.0,1.8,0.9,6.2,4.9,8.3,8.5,5.2,6.2,7.3,5.4,7.8,6.4,5.8,4.0,1.2,4.1,9.2,10.5,10.2,8.5,14.3,9.0,4.9,9.1,6.3,7.1,10.1,9.6,11.5,14.1,12.6,12.9,13.1,14.7,12.7,11.8,12.5,13.4,11.7,8.5,7.9,9.3,10.5,12.7,10.3,12.5,13.1,12.5,10.7,10.4,13.4,11.7,15.2,14.3,17.6,16.3,13.5,14.6,12.6,15.3,12.3,10.7,13.4,10.9,10.3,11.7,13.0,11.6,13.7,13.2,11.0,13.6,14.7,13.5,16.7,12.6,11.8,11.8,13.9,14.1,14.1,13.1,9.1,15.4,15.3,11.9,13.2,11.2,11.7,13.7,11.5,13.9,11.8,12.0,12.7,12.3,12.0,11.4,13.6,14.2,13.3,10.5,8.5,13.8,11.9,11.5,8.9,8.8,12.6,9.4,9.6,12.0,9.3,13.8,10.1,10.0,9.6,13.2,16.5,14.2,11.3,9.9,14.4,10.4,12.2,12.8,10.5,6.3,9.4,8.6,10.0,13.2,11.7,10.5,9.6,10.6,8.8,8.1,10.2,8.0,8.9,6.8,6.5,7.8,8.7,9.3,6.6,7.1,7.9,3.2,12.5,9.2,13.5,11.5,12.5,12.7,10.0,8.6,13.0,9.1,8.6,8.8,9.6,7.4,10.9,9.9,11.9,12.4,11.0,7.6,10.9,13.1,11.7,13.2,9.6,9.3,10.9,10.7,11.4,9.2,8.8,12.1,7.9,7.7,5.0,3.5,3.9,1.5,6.9,5.3,5.3,8.5,5.0,2.8,1.4,5.6,2.3,5.3,6.0,5.8,3.2,1.1,6.3,9.5,3.1,-1.5,2.3,2.1,5.7,11.4,12.6,5.5,0.0,-1.0,1.5,2.6,1.6,0.6,-1.1,0.5,2.3,4.6,3.7,6.8,7.4,2.6,-0.1,-1.5,-2.1,-3.6,-6.4,1.5,1.6,0.6,0.1,0.5,0.5,-0.4,7.6,8.2,8.4,6.3,7.3,3.8,0.5,0.2,-2.4,-2.8,3.4,5.4
0xf99426ae4b4622631518e6c6140a89d23f5ecb81,1.1,0.3,0.1,0.0,-2.1,-2.3,6.6,6.0,3.3,3.2,4.8,0.4,0.4,0.6,3.7,4.2,3.6,3.4,3.8,-1.0,-1.2,-3.6,1.4,-1.3,0.3,-2.9,-3.8,3.1,-0.4,4.8,4.6,8.0,9.4,3.5,0.1,1.0,-2.9,3.6,1.8,0.2,0.2,0.0,1.4,2.5,1.2,6.1,4.7,6.1,4.6,5.9,9.2,9.3,9.6,3.7,2.4,5.1,6.9,2.3,0.4,1.8,4.5,3.8,4.9,4.0,0.9,3.0,6.6,7.3,5.9,8.9,6.9,2.4,6.5,4.2,5.3,2.6,10.8,10.2,5.4,2.1,1.5,1.5,3.7,1.7,3.3,3.9,4.4,9.6,11.9,9.1,7.6,5.3,2.5,5.6,3.5,5.1,5.1,2.5,5.7,5.5,4.1,6.6,3.3,6.6,5.9,6.1,5.1,2.7,2.3,7.6,10.2,6.3,1.7,3.0,1.0,1.8,0.9,6.2,4.9,8.3,8.5,5.2,6.2,7.3,5.4,7.8,6.4,5.8,4.0,1.2,4.1,9.2,10.5,10.2,8.5,14.3,9.0,4.9,9.1,6.3,7.1,10.1,9.6,11.5,14.1,12.6,12.9,13.1,14.7,12.7,11.8,12.5,13.4,11.7,8.5,7.9,9.3,10.5,12.7,10.3,12.5,13.1,12.5,10.7,10.4,13.4,11.7,15.2,14.3,17.6,16.3,13.5,14.6,12.6,15.3,12.3,10.7,13.4,10.9,10.3,11.7,13.0,11.6,13.7,13.2,11.0,13.6,14.7,13.5,16.7,12.6,11.8,11.8,13.9,14.1,14.1,13.1,9.1,15.4,15.3,11.9,13.2,11.2,11.7,13.7,11.5,13.9,11.8,12.0,12.7,12.3,12.0,11.4,13.6,14.2,13.3,10.5,8.5,13.8,11.9,11.5,8.9,8.8,12.6,9.4,9.6,12.0,9.3,13.8,10.1,10.0,9.6,13.2,16.5,14.2,11.3,9.9,14.4,10.4,12.2,12.8,10.5,6.3,9.4,8.6,10.0,13.2,11.7,10.5,9.6,10.6,8.8,8.1,10.2,8.0,8.9,6.8,6.5,7.8,8.7,9.3,6.6,7.1,7.9,3.2,12.5,9.2,13.5,11.5,12.5,12.7,10.0,8.6,13.0,9.1,8.6,8.8,9.6,7.4,10.9,9.9,11.9,12.4,11.0,7.6,10.9,13.1,11.7,13.2,9.6,9.3,10.9,10.7,11.4,9.2,8.8,12.1,7.9,7.7,5.0,3.5,3.9,1.5,6.9,5.3,5.3,8.5,5.0,2.8,1.4,5.6,2.3,5.3,6.0,5.8,3.2,1.1,6.3,9.5,3.1,-1.5,2.3,2.1,5.7,11.4,12.6,5.5,0.0,-1.0,1.5,2.6,1.6,0.6,-1.1,0.5,2.3,4.6,3.7,6.8,7.4,2.6,-0.1,-1.5,-2.1,-3.6,-6.4,1.5,1.6,0.6,0.1,0.5,0.5,-0.4,7.6,8.2,8.4,6.3,7.3,3.8,0.5,0.2,-2.4,-2.8,3.4,5.4
0xd1bc7d3545fda93a6a0bacd6c5b5a02005f3d8e1,5.0,2.0,0.0,3.0,1.0,0.0,7.0,9.0,6.0,5.0,7.0,1.0,2.0,2.0,3.0,5.0,1.0,-1.0,0.0,-1.0,-1.0,-3.0,-3.0,3.0,0.0,-1.0,-1.0,6.0,4.0,6.0,5.0,8.0,10.0,6.0,4.0,4.0,3.0,5.0,3.0,2.0,2.0,1.0,2.0,5.0,4.0,7.0,7.0,7.0,7.0,6.0,10.0,11.0,11.0,7.0,5.0,7.0,10.0,5.0,3.0,6.0,6.0,7.0,8.0,6.0,5.0,6.0,9.0,9.0,7.0,10.0,9.0,8.0,8.0,9.0,9.0,8.0,11.0,13.0,9.0,6.0,6.0,7.0,7.0,5.0,6.0,7.0,6.0,12.0,13.0,11.0,11.0,9.0,7.0,10.0,7.0,7.0,8.0,6.0,9.0,10.0,8.0,8.0,9.0,10.0,11.0,9.0,8.0,7.0,4.0,6.0,11.0,9.0,9.0,7.0,4.0,4.0,3.0,9.0,8.0,10.0,10.0,8.0,8.0,10.0,9.0,10.0,9.0,8.0,7.0,8.0,8.0,13.0,13.0,13.0,12.0,17.0,13.0,11.0,11.0,9.0,10.0,12.0,14.0,15.0,16.0,13.0,16.0,14.0,15.0,16.0,15.0,14.0,16.0,16.0,12.0,13.0,11.0,12.0,14.0,14.0,15.0,16.0,13.0,12.0,15.0,16.0,14.0,17.0,20.0,20.0,18.0,17.0,20.0,15.0,18.0,16.0,14.0,16.0,14.0,13.0,16.0,15.0,16.0,16.0,16.0,17.0,19.0,21.0,19.0,18.0,18.0,15.0,15.0,14.0,16.0,16.0,19.0,16.0,17.0,19.0,16.0,14.0,14.0,13.0,14.0,15.0,16.0,15.0,15.0,17.0,16.0,15.0,14.0,16.0,16.0,16.0,15.0,12.0,14.0,15.0,14.0,13.0,12.0,17.0,14.0,14.0,17.0,14.0,17.0,14.0,14.0,12.0,15.0,18.0,17.0,15.0,14.0,16.0,17.0,16.0,18.0,13.0,11.0,11.0,12.0,13.0,15.0,17.0,13.0,13.0,14.0,11.0,11.0,13.0,12.0,13.0,10.0,9.0,10.0,10.0,11.0,10.0,11.0,13.0,10.0,13.0,13.0,16.0,15.0,14.0,14.0,14.0,12.0,14.0,13.0,11.0,10.0,12.0,10.0,12.0,12.0,12.0,12.0,13.0,11.0,13.0,14.0,12.0,13.0,12.0,13.0,15.0,13.0,13.0,11.0,11.0,15.0,13.0,12.0,10.0,7.0,8.0,5.0,8.0,10.0,7.0,9.0,9.0,6.0,3.0,8.0,6.0,4.0,9.0,8.0,7.0,4.0,6.0,11.0,8.0,4.0,6.0,5.0,7.0,13.0,14.0,9.0,4.0,2.0,4.0,7.0,4.0,4.0,1.0,3.0,4.0,7.0,6.0,8.0,9.0,6.0,2.0,1.0,1.0,1.0,-1.0,4.0,4.0,3.0,2.0,1.0,3.0,2.0,8.0,11.0,10.0,9.0,9.0,9.0,4.0,2.0,1.0,1.0,7.0,8.0
0xfb1b12b0d94864ae2fcd1fe5ee6222921a32bacb,-0.14999999999999994,-2.3,0.0,-2.9,-6.0,-1.4,6.25,4.35,2.9000000000000004,4.800000000000002,4.9,0.0,-0.75,0.5,4.4,7.05,5.1,4.800000000000002,5.35,-1.15,-2.35,-1.0,0.2,-2.0,1.5,-1.95,-3.0,2.75,-0.4,5.0,5.4,7.949999999999997,9.3,3.3,1.0,-1.55,-2.6,3.0,1.5,0.6000000000000001,0.35,0.9,2.0,3.1,1.7,7.15,2.8,5.25,5.85,6.25,10.15,9.3,7.949999999999997,2.8,2.25,6.1,7.0,1.65,0.65,1.15,4.0,5.0,4.85,3.1,-1.25,3.1500000000000004,4.05,5.4499999999999975,5.05,8.7,4.75,1.3,5.4,2.8,3.5,3.25,10.85,10.95,4.2,2.45,1.35,-0.55,2.85,-2.1500000000000004,-0.5,3.05,4.25,9.7,11.85,10.1,6.0500000000000025,4.35,2.95,4.65,3.1,2.35,3.4000000000000004,0.2500000000000001,6.4,5.4,2.8,6.0500000000000025,4.300000000000002,6.9499999999999975,4.75,4.05,3.75,0.9,1.95,7.95,9.4,3.0,1.1,2.0,0.55,0.0,-1.65,6.35,6.4,9.2,6.55,5.1,3.75,7.15,5.050000000000002,8.1,5.1,1.4,2.5,0.9,4.8,9.4,10.45,9.25,9.3,14.5,7.6,3.45,7.6,4.05,7.3,9.75,9.8,10.55,11.25,11.0,13.35,13.9,14.15,12.4,8.85,10.95,12.9,8.8,6.9499999999999975,8.5,9.3,11.0,11.55,9.8,12.15,12.0,12.0,11.3,7.949999999999997,10.9,10.65,13.85,10.45,12.65,14.7,15.55,13.3,13.0,14.7,9.85,7.6,13.85,9.95,9.8,11.5,12.7,11.55,12.6,12.95,9.5,13.6,11.95,10.15,14.25,10.95,11.65,11.3,13.75,12.6,13.7,9.1,6.25,10.25,15.45,11.4,12.8,9.75,11.35,12.45,10.7,12.65,10.25,12.7,11.6,11.2,11.0,10.9,13.65,14.3,12.15,10.15,8.1,12.65,11.5,9.85,8.0,7.949999999999997,8.7,6.5500000000000025,12.35,10.15,7.6,13.9,10.25,10.15,9.9,13.55,14.75,12.15,12.0,10.45,10.35,7.05,11.5,10.8,8.100000000000001,4.6,6.85,5.7,10.5,13.9,11.25,11.25,9.75,11.15,8.35,7.75,10.5,8.65,7.75,7.1,7.25,6.35,4.55,8.75,6.1999999999999975,9.95,5.9,4.75,12.85,9.8,12.35,12.55,12.15,10.55,9.25,7.949999999999997,13.15,9.6,8.9,8.85,8.899999999999997,7.05,11.15,10.3,11.3,13.05,10.2,6.85,12.7,13.75,13.0,13.4,8.25,4.95,10.0,10.8,10.65,9.1,9.95,11.1,8.100000000000001,7.949999999999997,3.4,1.75,1.2,-1.1,6.35,3.7,2.35,8.25,5.0,1.4500000000000002,-0.85,3.7,-0.5499999999999999,6.1,5.85,5.45,2.1,-1.9,6.75,6.85,-0.05,-1.0,4.199999999999998,0.85,6.5500000000000025,11.85,12.95,3.0,-0.6,-1.65,1.65,2.5,0.85,-1.5,-2.8,0.15000000000000002,2.1,3.8,5.05,6.7,7.699999999999997,2.6,-0.8500000000000001,-1.85,-2.4,-7.466666666666666,-12.066666666666668,0.25,1.7000000000000002,-0.45,-1.35,-2.05,-1.4500000000000002,-1.0,7.0,8.7,6.4,5.9499999999999975,8.5,4.15,2.35,0.7,-1.45,-1.15,3.7,4.75
0x5430123b38b3910792734457c2f1d3ba511ee264,-0.2,-1.7,-2.0,-2.0,-4.0,-1.8,6.75,6.25,2.9000000000000004,2.9000000000000004,4.75,-0.45,-0.55,-0.9,3.45,3.8,3.2,1.85,-0.5,-3.25,-3.75,-2.85,0.15000000000000002,-0.30000000000000004,-0.95,-2.55,-2.55,2.65,1.3,5.5,5.4,7.1,8.35,2.45,0.9,-0.45,-1.35,4.05,1.15,0.0,-1.05,-0.35,0.95,2.15,1.0499999999999998,7.35,4.85,4.5,4.449999999999998,5.6999999999999975,8.75,8.7,9.5,3.5,1.05,4.75,6.85,1.65,0.25,4.199999999999998,4.05,4.1,3.7,3.75,0.25,1.95,6.9,6.45,6.6,8.4,5.85,2.5,6.4,5.35,5.1,2.1500000000000004,9.85,9.45,5.85,1.95,-0.35000000000000003,0.29999999999999993,3.55,-0.05,2.15,3.25,3.2,10.15,11.45,8.0,7.25,3.85,4.1,4.65,1.6,3.4,1.5,4.15,7.45,5.45,3.1,4.949999999999998,2.95,2.85,5.85,4.65,4.0,2.25,3.35,5.2,4.7,4.2,0.7999999999999999,2.35,0.4,-0.05000000000000005,-1.85,5.25,4.15,8.2,6.7,3.85,5.75,7.0,5.8000000000000025,7.9,7.25,3.3,3.55,1.9,5.75,10.45,10.25,8.2,8.15,13.9,6.7,4.75,7.1,5.35,6.75,10.15,9.5,10.75,13.7,12.7,12.3,11.05,13.65,11.6,10.95,11.3,11.4,9.2,6.45,7.85,8.8,9.3,12.0,10.55,12.1,12.3,10.35,8.9,11.5,12.0,10.45,13.15,14.65,16.45,16.25,14.5,13.75,11.25,13.1,12.85,8.05,12.9,11.15,9.9,10.6,13.05,12.2,12.1,11.95,10.05,14.75,12.5,14.35,15.9,13.0,11.5,11.6,13.2,13.25,13.35,12.9,8.55,13.0,16.15,12.15,12.65,10.2,10.3,12.55,10.45,12.0,11.5,11.85,12.6,11.9,11.45,10.95,12.8,13.8,13.05,9.95,8.4,13.3,11.75,10.15,7.25,7.45,10.0,6.65,9.5,10.75,9.3,13.8,12.2,11.35,8.35,13.0,15.6,12.5,11.45,8.4,12.95,11.45,13.35,11.9,9.05,6.75,7.05,6.85,8.9,13.55,10.5,10.15,9.0,8.65,8.8,7.0,9.95,9.3,8.95,7.15,6.2,6.0,5.8,8.100000000000001,7.85,8.7,6.35,4.6,11.4,10.6,12.4,10.95,12.6,12.45,8.75,8.85,13.25,8.65,7.2,7.8,7.949999999999997,7.05,10.8,7.65,11.35,12.5,9.75,8.7,11.7,12.35,12.1,12.05,8.25,8.95,11.15,10.7,10.3,8.25,9.25,12.75,8.399999999999999,7.25,4.9,4.1,2.6500000000000004,-0.04999999999999993,6.2,6.0,3.2,6.85,4.15,1.5,0.5,4.7,0.29999999999999993,3.95,5.65,6.3,1.6,-1.2000000000000002,6.0500000000000025,9.0,1.15,-1.05,2.75,2.75,6.05,10.5,11.8,5.1,-0.05,-0.15000000000000002,0.95,3.45,-0.14999999999999994,-0.35,-1.95,-0.30000000000000004,1.35,4.2,3.55,5.9499999999999975,6.85,2.1500000000000004,-1.2,-1.85,-1.05,-3.85,-5.7,2.35,1.45,0.45,-0.5,-0.6,0.75,0.55,7.0500000000000025,8.149999999999999,8.55,7.2,7.85,3.85,2.25,-0.25,-1.5,-1.65,3.4,5.5
0xa915749f3e6902d809a148ee17934c3c2c21888d,0.6,-2.4,-2.9,0.6,-3.1,-2.1,6.2,5.6,3.2,3.3,4.4,-1.2,-2.0,-1.5,2.9,5.0,3.5,3.3,2.6,-1.3,-2.2,-2.7,1.3,-0.5,0.0,-3.3,-4.2,3.0,1.0,4.9,5.2,7.3,9.2,2.3,1.0,0.5,-2.3,4.2,0.5,0.1,-0.1,0.0,1.3,2.4,0.9,6.9,4.0,5.1,4.6,5.4,8.2,8.9,9.7,3.1,0.3,5.2,6.2,2.1,-0.7,1.6,3.9,3.9,4.0,3.3,0.7,1.2,6.6,7.6,6.0,8.5,5.0,2.3,6.5,3.5,5.9,2.4,10.8,9.6,5.0,1.9,1.7,1.0,3.8,1.7,3.3,3.7,4.6,10.1,11.5,8.9,7.1,3.6,4.9,5.0,1.5,2.9,3.1,4.7,7.1,3.8,3.1,6.7,2.6,4.7,6.2,3.7,5.1,2.4,3.4,6.5,6.2,4.7,1.5,1.5,-0.9,1.2,-1.8,4.9,3.7,8.4,7.5,5.6,5.5,7.1,5.3,7.6,7.7,3.3,5.1,3.1,4.4,9.3,9.7,8.8,9.0,14.0,8.0,4.5,7.5,5.0,7.6,9.5,10.1,10.7,14.6,11.2,12.9,12.8,14.7,11.7,11.8,12.3,12.1,10.2,6.8,7.6,8.7,9.5,12.0,9.9,12.0,12.3,11.0,10.3,11.8,11.7,11.1,12.8,14.7,16.7,16.3,14.2,12.8,10.7,13.7,12.2,10.6,13.3,11.2,9.8,10.6,12.6,12.1,12.5,13.1,11.0,13.8,13.5,12.2,15.6,12.5,11.7,11.5,13.8,13.5,13.2,14.2,8.8,15.0,15.8,11.5,12.4,10.2,11.1,12.8,12.6,13.2,11.5,11.5,12.4,12.1,11.4,11.3,13.4,13.7,12.9,10.0,8.9,12.9,11.8,11.4,10.0,7.6,12.0,7.5,11.1,11.7,9.9,14.0,10.9,9.6,8.2,13.0,15.6,12.1,11.4,9.5,13.9,11.2,13.9,12.4,9.3,7.0,8.9,7.0,9.6,13.5,10.6,9.2,8.8,9.5,8.3,7.6,9.5,8.3,7.4,5.3,5.3,7.0,8.0,8.1,7.1,8.8,6.9,6.1,12.3,9.1,13.2,12.5,12.1,12.5,8.6,8.5,13.0,8.0,6.3,8.1,7.7,5.8,10.0,8.9,11.2,12.2,10.1,8.0,12.2,13.0,11.9,12.8,8.5,8.8,10.4,10.1,10.5,8.3,9.2,11.5,8.3,8.0,4.6,3.0,3.4,1.4,5.7,6.3,3.8,8.2,4.4,1.6,1.2,4.8,1.4,3.9,4.2,5.9,3.6,1.1,5.8,9.1,3.6,-0.5,2.7,2.4,6.7,10.6,11.7,4.6,0.7,-1.5,-0.3,2.6,-0.4,-1.0,-3.6,0.7,1.8,3.3,2.1,6.0,6.8,1.3,-2.1,-4.0,-1.4,-4.2,-6.4,1.1,0.6,0.7,-1.6,-0.6,1.0,-0.9,5.9,7.8,8.2,6.3,6.2,4.0,0.4,-1.2,-2.3,-1.7,3.6,4.9
0x72ec271fda14656d74e0c2445b80e76f8d194e76,0.6,-2.4,-2.9,0.6,-3.1,-2.1,6.2,5.6,3.2,3.3,4.4,-1.2,-2.0,-1.5,2.9,5.0,3.5,3.3,2.6,-1.3,-2.2,-2.7,1.3,-0.5,0.0,-3.3,-4.2,3.0,1.0,4.9,5.2,7.3,9.2,2.3,1.0,0.5,-2.3,4.2,0.5,0.1,-0.1,0.0,1.3,2.4,0.9,6.9,4.0,5.1,4.6,5.4,8.2,8.9,9.7,3.1,0.3,5.2,6.2,2.1,-0.7,1.6,3.9,3.9,4.0,3.3,0.7,1.2,6.6,7.6,6.0,8.5,5.0,2.3,6.5,3.5,5.9,2.4,10.8,9.6,5.0,1.9,1.7,1.0,3.8,1.7,3.3,3.7,4.6,10.1,11.5,8.9,7.1,3.6,4.9,5.0,1.5,2.9,3.1,4.7,7.1,3.8,3.1,6.7,2.6,4.7,6.2,3.7,5.1,2.4,3.4,6.5,6.2,4.7,1.5,1.5,-0.9,1.2,-1.8,4.9,3.7,8.4,7.5,5.6,5.5,7.1,5.3,7.6,7.7,3.3,5.1,3.1,4.4,9.3,9.7,8.8,9.0,14.0,8.0,4.5,7.5,5.0,7.6,9.5,10.1,10.7,14.6,11.2,12.9,12.8,14.7,11.7,11.8,12.3,12.1,10.2,6.8,7.6,8.7,9.5,12.0,9.9,12.0,12.3,11.0,10.3,11.8,11.7,11.1,12.8,14.7,16.7,16.3,14.2,12.8,10.7,13.7,12.2,10.6,13.3,11.2,9.8,10.6,12.6,12.1,12.5,13.1,11.0,13.8,13.5,12.2,15.6,12.5,11.7,11.5,13.8,13.5,13.2,14.2,8.8,15.0,15.8,11.5,12.4,10.2,11.1,12.8,12.6,13.2,11.5,11.5,12.4,12.1,11.4,11.3,13.4,13.7,12.9,10.0,8.9,12.9,11.8,11.4,10.0,7.6,12.0,7.5,11.1,11.7,9.9,14.0,10.9,9.6,8.2,13.0,15.6,12.1,11.4,9.5,13.9,11.2,13.9,12.4,9.3,7.0,8.9,7.0,9.6,13.5,10.6,9.2,8.8,9.5,8.3,7.6,9.5,8.3,7.4,5.3,5.3,7.0,8.0,8.1,7.1,8.8,6.9,6.1,12.3,9.1,13.2,12.5,12.1,12.5,8.6,8.5,13.0,8.0,6.3,8.1,7.7,5.8,10.0,8.9,11.2,12.2,10.1,8.0,12.2,13.0,11.9,12.8,8.5,8.8,10.4,10.1,10.5,8.3,9.2,11.5,8.3,8.0,4.6,3.0,3.4,1.4,5.7,6.3,3.8,8.2,4.4,1.6,1.2,4.8,1.4,3.9,4.2,5.9,3.6,1.1,5.8,9.1,3.6,-0.5,2.7,2.4,6.7,10.6,11.7,4.6,0.7,-1.5,-0.3,2.6,-0.4,-1.0,-3.6,0.7,1.8,3.3,2.1,6.0,6.8,1.3,-2.1,-4.0,-1.4,-4.2,-6.4,1.1,0.6,0.7,-1.6,-0.6,1.0,-0.9,5.9,7.8,8.2,6.3,6.2,4.0,0.4,-1.2,-2.3,-1.7,3.6,4.9
0x4f33c31f9d872870123d24fd1e4ae67bc230e561,2.0,-1.3,-2.6,-2.2,-6.4,-2.1,5.4,5.0,4.5,5.2,5.8,-0.3,-0.5,-0.5,3.6,7.3,5.3,4.7,0.5,-3.9,-5.7,-2.2,-3.2,-4.7,-2.3,-2.6,-4.1,1.6,-2.5,5.7,7.5,8.0,9.0,2.9,-1.1,-1.3,-3.5,0.4,1.0,0.9,0.7,1.2,2.1,3.4,1.2,4.5,1.9,4.8,5.7,8.0,11.1,9.9,11.1,3.6,2.2,6.6,7.1,1.0,-0.6,3.6,4.7,4.2,4.5,4.3,-0.1,1.3,6.9,5.2,4.7,8.8,5.7,2.2,3.7,4.8,3.1,1.2,11.6,10.7,6.5,2.6,0.2,-1.3,5.8,0.2,4.3,2.1,0.8,10.4,10.5,9.9,7.7,4.7,0.9,3.9,2.8,1.6,4.9,1.0,3.4,5.6,3.6,7.4,3.2,4.4,6.5,3.8,4.8,2.6,1.9,5.5,4.1,5.7,5.8,2.6,0.3,0.3,-1.6,3.7,3.4,9.4,8.4,4.4,6.3,8.8,6.6,8.2,9.0,6.3,4.1,-0.7,2.2,10.5,9.5,8.2,8.3,14.7,6.3,2.8,7.3,3.8,6.4,9.0,8.8,12.1,11.2,10.5,12.5,14.0,14.7,12.6,11.0,11.3,10.7,8.6,5.0,7.0,10.0,10.6,10.9,8.6,12.6,13.4,12.0,11.5,8.4,10.2,11.3,11.9,12.2,14.6,16.3,15.3,13.2,12.5,14.4,12.2,9.5,15.3,11.4,10.6,11.6,13.7,11.3,13.2,13.8,10.1,12.3,13.2,12.9,14.5,11.9,11.1,12.6,11.0,13.9,14.2,14.3,7.7,12.0,16.4,12.9,11.0,9.6,10.2,14.7,12.9,12.0,11.1,12.7,12.7,10.8,9.5,11.4,13.6,14.6,14.0,9.1,6.8,13.4,11.7,11.8,10.4,7.0,11.0,7.1,9.2,11.7,8.0,12.5,11.3,11.1,7.4,13.7,13.7,12.6,11.0,7.4,13.1,11.0,10.3,10.7,8.7,5.0,6.3,5.7,9.0,14.6,10.0,10.5,8.5,10.1,9.6,7.2,11.6,10.7,8.0,6.8,6.7,7.9,6.8,8.1,5.0,6.5,4.2,2.1,11.3,8.6,14.0,12.1,12.5,9.8,7.9,6.1,13.6,9.9,7.2,8.7,7.4,5.3,11.3,9.1,11.5,14.1,11.3,8.2,13.6,11.5,13.1,11.9,9.6,7.7,10.4,11.3,11.0,8.8,9.7,9.6,6.6,5.8,4.7,2.9,2.2,-1.5,4.8,2.7,0.3,7.0,3.7,1.9,-1.7,3.0,1.5,4.4,5.3,7.4,2.3,-2.4,6.7,5.3,0.3,-3.5,-0.8,2.3,7.9,12.2,12.1,4.4,-1.3,-0.7,1.0,3.1,0.3,0.1,-0.7,2.6,3.0,3.9,3.4,6.2,8.1,3.1,-2.0,-3.1,-1.6,-6.2,-10.6,1.4,2.3,1.5,-0.9,-1.9,-2.0,-2.5,2.8,7.5,8.8,5.7,6.9,4.7,1.2,-0.2,-2.4,-0.3,4.7,5.8
0xcd61d0e2f496d81ddb7d7bd4eab4b1ceb87d2b68,0.5,-0.5,0.1,-0.7,-3.3,-2.5,6.6,5.2,3.6,3.9,5.0,-0.1,-0.2,0.7,4.3,5.2,3.8,3.6,4.6,-1.3,-1.9,-2.6,2.2,-0.3,0.7,-2.5,-4.2,3.7,0.6,4.7,4.9,7.9,9.0,3.2,1.5,-0.4,-2.5,4.1,2.0,0.4,0.2,0.1,1.3,2.8,1.3,7.3,4.7,6.6,5.0,5.6,9.4,9.4,9.2,3.4,1.7,5.3,6.9,2.0,0.7,1.7,4.4,4.3,4.6,3.6,0.0,3.3,6.6,7.1,6.1,8.7,7.0,3.7,6.3,4.3,5.6,3.6,11.5,10.3,4.7,2.4,0.9,0.3,4.3,2.4,3.3,3.9,5.1,9.8,11.6,8.7,7.2,4.8,3.0,6.2,4.1,5.2,5.1,2.6,5.2,6.0,5.3,7.8,4.3,6.7,6.0,4.7,4.6,3.2,3.6,8.4,10.0,6.5,2.2,3.5,1.6,1.7,-0.4,6.2,5.4,8.4,8.5,6.3,5.8,7.9,5.8,7.6,7.6,5.8,5.1,1.8,4.7,9.2,10.2,10.1,8.4,14.6,8.6,5.0,8.8,5.5,7.6,9.6,11.2,11.4,13.2,11.7,13.6,13.7,14.8,12.7,12.2,12.0,12.9,11.0,8.1,8.2,9.0,10.4,12.5,10.6,12.1,12.5,12.2,11.5,10.1,12.2,11.9,14.9,14.1,16.9,17.1,14.8,14.2,12.6,14.8,12.4,9.8,13.4,10.8,9.8,10.0,13.1,12.5,13.8,13.5,10.9,14.2,14.7,13.5,16.3,12.9,12.8,11.6,14.1,13.9,13.4,12.9,8.4,14.4,15.4,11.7,12.9,10.8,12.0,13.7,12.9,13.8,11.8,12.2,12.4,12.4,12.0,11.3,13.5,14.1,13.4,11.2,8.9,13.5,12.0,11.2,8.8,8.9,12.2,7.5,9.9,11.7,10.0,14.3,10.1,10.3,10.3,13.2,15.9,13.8,12.3,9.9,13.8,10.8,12.8,12.9,9.5,6.0,8.5,8.1,8.4,13.5,11.5,11.3,9.9,11.1,8.7,7.9,10.6,8.9,8.5,6.9,6.9,7.1,6.7,9.4,7.5,8.9,7.8,5.3,12.5,8.8,13.3,12.0,12.1,11.8,9.5,9.2,12.8,9.2,8.4,8.4,9.9,8.0,10.8,10.7,11.7,12.8,11.2,8.2,12.2,13.4,12.2,12.9,9.8,9.2,10.3,10.6,11.2,8.9,10.1,12.0,8.5,7.9,5.8,4.0,3.8,0.8,6.9,5.2,4.1,9.0,5.4,2.4,-0.1,5.5,1.8,5.7,6.4,6.1,3.6,1.3,6.4,8.9,1.0,-0.7,3.8,1.1,6.3,11.1,12.2,5.2,1.5,0.7,1.4,3.4,2.1,0.4,-1.5,0.3,2.6,5.6,4.8,6.8,7.4,2.4,-0.8,-1.1,-1.6,-2.8,-4.9,0.8,1.8,0.7,-0.7,-1.3,0.3,0.0,7.6,8.2,8.3,6.3,7.8,4.2,0.4,0.6,-0.9,-2.2,3.2,4.8
0x748cad7867e108022b8692e6cf833b2e09efa5df,0.6,-2.0,0.2,-1.7,-1.7,-0.4,5.1,5.3,2.7,3.1,2.9,-1.4,-2.1,-1.0,1.9,4.5,3.3,3.9,4.5,0.8,0.0,-1.7,-0.8,1.2,0.7,-3.5,-3.7,0.7,-0.2,3.3,3.1,6.7,7.7,1.8,-0.1,0.9,0.5,1.4,0.1,-0.9,-1.0,-0.8,0.2,1.2,1.0,5.9,3.0,6.0,4.9,6.3,8.2,6.2,5.9,2.4,0.5,4.0,5.7,-0.2,-0.2,0.2,0.0,3.4,4.3,0.8,2.1,2.3,4.9,5.0,5.6,7.0,5.2,2.7,6.0,4.1,3.7,1.4,9.0,8.5,3.1,0.3,2.1,1.5,2.6,2.7,3.4,2.8,3.7,8.1,10.5,9.1,6.6,5.2,5.3,4.0,3.6,1.9,3.1,6.0,7.3,4.2,3.3,4.7,3.3,5.0,3.9,4.2,3.9,0.6,2.6,6.5,6.9,4.2,1.7,-0.2,-1.2,-0.1,-0.3,4.4,4.9,6.3,6.0,5.8,3.0,5.1,4.6,5.4,3.8,2.8,4.0,3.6,5.2,7.4,9.1,8.2,8.2,13.1,7.6,5.2,7.6,5.3,6.1,9.9,9.2,11.2,13.8,13.1,13.4,11.7,11.8,10.6,6.4,13.0,11.6,8.3,6.8,7.4,8.4,8.5,10.8,8.9,10.5,10.9,10.5,10.3,12.0,11.8,10.3,14.4,13.6,17.5,13.8,12.2,11.5,11.3,11.9,8.9,7.8,10.9,8.9,8.4,10.9,11.0,9.1,10.7,11.3,11.6,12.7,12.8,9.4,12.3,11.3,10.4,10.2,12.0,11.2,11.2,10.7,9.2,14.1,13.7,10.4,11.0,10.5,10.1,12.3,11.2,12.0,8.2,10.7,10.2,11.0,9.9,10.3,11.8,12.8,10.8,10.2,8.9,10.8,10.2,10.4,7.5,7.9,9.2,7.6,11.4,10.9,10.1,12.3,8.6,8.7,8.8,11.9,14.9,11.2,10.5,10.2,10.3,9.7,13.6,9.7,8.4,7.5,8.6,8.1,9.5,12.0,10.1,10.0,9.2,9.8,8.4,8.5,8.9,8.8,6.5,6.7,6.8,6.7,6.8,7.6,3.4,9.3,7.2,6.8,11.3,9.4,12.3,11.2,11.6,11.6,8.1,7.4,11.7,8.7,8.1,7.8,7.0,6.0,8.6,9.7,10.2,11.5,9.1,6.1,11.3,12.6,11.9,11.7,7.9,5.8,9.0,8.9,9.0,6.5,7.8,10.4,8.4,8.3,4.6,6.8,3.2,2.1,5.6,6.4,7.3,6.9,3.6,1.6,1.5,3.5,1.2,4.6,4.7,4.3,0.1,-1.2,5.0,7.9,2.3,1.0,3.7,0.5,4.9,9.5,11.0,2.1,0.4,-0.1,1.2,1.7,-0.7,-2.0,-3.3,-1.1,1.1,4.0,5.0,5.1,5.5,0.9,-1.9,-3.0,-2.2,-4.2,-4.0,-0.2,0.6,-0.8,-2.4,-0.2,2.1,2.3,6.7,7.4,6.6,6.1,7.0,2.6,0.8,-2.2,-1.9,-1.8,0.9,3.2
0xebecc401efc70f783c60d6ba1c11a198474f42ad,0.5,-0.5,0.1,-0.7,-3.3,-2.5,6.6,5.2,3.6,3.9,5.0,-0.1,-0.2,0.7,4.3,5.2,3.8,3.6,4.6,-1.3,-1.9,-2.6,2.2,-0.3,0.7,-2.5,-4.2,3.7,0.6,4.7,4.9,7.9,9.0,3.2,1.5,-0.4,-2.5,4.1,2.0,0.4,0.2,0.1,1.3,2.8,1.3,7.3,4.7,6.6,5.0,5.6,9.4,9.4,9.2,3.4,1.7,5.3,6.9,2.0,0.7,1.7,4.4,4.3,4.6,3.6,0.0,3.3,6.6,7.1,6.1,8.7,7.0,3.7,6.3,4.3,5.6,3.6,11.5,10.3,4.7,2.4,0.9,0.3,4.3,2.4,3.3,3.9,5.1,9.8,11.6,8.7,7.2,4.8,3.0,6.2,4.1,5.2,5.1,2.6,5.2,6.0,5.3,7.8,4.3,6.7,6.0,4.7,4.6,3.2,3.6,8.4,10.0,6.5,2.2,3.5,1.6,1.7,-0.4,6.2,5.4,8.4,8.5,6.3,5.8,7.9,5.8,7.6,7.6,5.8,5.1,1.8,4.7,9.2,10.2,10.1,8.4,14.6,8.6,5.0,8.8,5.5,7.6,9.6,11.2,11.4,13.2,11.7,13.6,13.7,14.8,12.7,12.2,12.0,12.9,11.0,8.1,8.2,9.0,10.4,12.5,10.6,12.1,12.5,12.2,11.5,10.1,12.2,11.9,14.9,14.1,16.9,17.1,14.8,14.2,12.6,14.8,12.4,9.8,13.4,10.8,9.8,10.0,13.1,12.5,13.8,13.5,10.9,14.2,14.7,13.5,16.3,12.9,12.8,11.6,14.1,13.9,13.4,12.9,8.4,14.4,15.4,11.7,12.9,10.8,12.0,13.7,12.9,13.8,11.8,12.2,12.4,12.4,12.0,11.3,13.5,14.1,13.4,11.2,8.9,13.5,12.0,11.2,8.8,8.9,12.2,7.5,9.9,11.7,10.0,14.3,10.1,10.3,10.3,13.2,15.9,13.8,12.3,9.9,13.8,10.8,12.8,12.9,9.5,6.0,8.5,8.1,8.4,13.5,11.5,11.3,9.9,11.1,8.7,7.9,10.6,8.9,8.5,6.9,6.9,7.1,6.7,9.4,7.5,8.9,7.8,5.3,12.5,8.8,13.3,12.0,12.1,11.8,9.5,9.2,12.8,9.2,8.4,8.4,9.9,8.0,10.8,10.7,11.7,12.8,11.2,8.2,12.2,13.4,12.2,12.9,9.8,9.2,10.3,10.6,11.2,8.9,10.1,12.0,8.5,7.9,5.8,4.0,3.8,0.8,6.9,5.2,4.1,9.0,5.4,2.4,-0.1,5.5,1.8,5.7,6.4,6.1,3.6,1.3,6.4,8.9,1.0,-0.7,3.8,1.1,6.3,11.1,12.2,5.2,1.5,0.7,1.4,3.4,2.1,0.4,-1.5,0.3,2.6,5.6,4.8,6.8,7.4,2.4,-0.8,-1.1,-1.6,-2.8,-4.9,0.8,1.8,0.7,-0.7,-1.3,0.3,0.0,7.6,8.2,8.3,6.3,7.8,4.2,0.4,0.6,-0.9,-2.2,3.2,4.8
0x22a8c096010e49d9d31ab9135a6251bab8780810,1.5,-3.6,4.3,-3.5,-6.4,5.0,8.3,7.9,5.8,6.3,4.1,1.6,0.9,0.3,5.1,5.8,5.8,7.2,6.4,-1.9,-3.8,-0.3,-1.8,6.3,4.6,-4.7,-3.1,2.1,-0.3,-3.3,6.2,5.6,9.1,6.9,3.6,-0.7,-3.3,3.5,-0.6,-1.3,-0.6,0.8,2.6,4.5,0.6,2.3,6.9,7.8,8.2,7.2,7.8,5.2,5.9,4.2,-0.1,6.4,5.6,1.2,-0.9,-1.3,1.9,4.4,4.7,4.0,2.9,2.1,5.5,4.5,3.8,8.9,4.5,3.5,7.9,5.6,5.3,5.3,8.3,5.2,3.2,1.9,0.9,2.8,-1.7,-2.6,-0.8,0.8,-0.9,8.8,10.5,9.7,7.2,2.4,1.9,7.7,7.8,2.1,0.7,-1.4,1.9,5.8,6.5,6.5,6.0,7.2,5.8,5.0,1.4,-1.0,3.6,9.3,6.7,-0.9,-1.1,3.4,-0.7,-2.8,2.5,3.3,7.4,7.9,8.4,4.6,4.2,5.8,4.6,4.1,1.3,4.8,1.3,-0.6,-0.1,8.9,9.9,9.1,9.5,11.2,6.3,5.9,3.9,5.6,7.8,10.8,8.9,12.6,11.9,12.2,12.9,11.5,12.5,8.1,3.8,12.7,7.3,4.5,9.5,8.9,10.0,9.8,10.9,11.9,11.9,12.8,12.4,11.7,12.5,12.1,12.2,11.7,10.7,9.2,12.2,15.7,13.3,13.0,10.4,8.5,6.7,11.5,10.0,9.5,12.2,12.0,11.5,11.5,10.8,12.0,12.4,10.2,9.2,13.1,12.2,10.7,7.6,6.1,12.3,12.7,10.4,10.0,7.3,15.5,11.6,10.4,10.3,9.9,12.2,10.6,10.6,12.5,12.7,14.0,12.1,12.5,12.1,13.3,14.0,11.3,11.4,7.8,12.5,8.8,9.1,5.8,12.7,8.6,4.2,10.6,12.8,12.4,12.3,12.8,12.4,7.9,8.1,15.2,14.5,13.6,13.4,13.2,11.4,13.8,11.3,9.8,8.2,5.2,4.1,6.3,13.1,12.6,12.0,11.4,11.2,9.2,11.3,11.8,9.2,8.8,8.6,8.4,5.6,5.7,6.1,2.0,13.4,7.0,5.7,11.1,11.7,11.5,10.8,11.1,10.9,11.4,3.0,4.3,11.3,10.6,11.8,7.0,2.9,11.1,9.6,11.0,12.0,10.6,10.6,13.1,12.3,13.7,11.9,9.9,8.6,11.6,10.5,10.9,9.2,9.7,10.8,10.8,5.5,1.0,10.0,-0.8,-1.8,11.7,10.6,0.2,-0.7,6.3,-1.3,-2.3,0.5,-2.6,9.0,7.1,1.5,0.8,-3.2,8.3,1.8,4.5,5.2,1.0,-2.9,7.8,10.3,7.1,1.4,0.4,2.4,4.0,3.7,-0.5,-2.4,-4.2,-1.5,0.4,-1.1,-1.1,7.0,8.7,2.4,0.5,-3.1,-6.8,-8.5,-7.0,3.4,2.4,-2.7,-3.7,-2.5,-1.8,8.3,6.4,5.7,7.3,8.4,9.4,4.0,-1.3,-1.9,-3.0,-3.3,0.9,5.2
0x067ae210f71a5fe0e54032b3506fc4b37e44e622,4.5,-0.7,-1.5,0.8,-2.5,-2.4,6.2,7.1,3.8,3.0,5.4,0.8,0.5,1.0,0.5,4.1,-0.9,-2.6,-2.7,-2.7,-3.4,-4.0,-3.0,-1.6,-1.8,-2.0,-1.8,3.6,1.9,5.8,5.7,9.7,9.4,5.1,3.1,3.8,-0.1,3.2,3.0,1.8,1.3,0.7,1.9,4.4,2.2,6.7,6.0,4.9,3.6,4.0,9.8,10.0,10.6,5.5,2.9,5.4,9.3,3.7,1.4,5.9,5.3,5.5,6.8,5.9,2.7,4.8,8.0,8.1,7.0,10.0,8.5,4.9,8.0,8.0,5.6,4.8,10.4,12.1,7.3,4.4,6.0,6.3,7.0,5.1,6.0,6.8,6.0,11.7,10.4,9.7,8.9,5.9,4.2,8.8,5.6,5.5,4.6,4.7,7.1,9.2,5.3,6.1,5.7,7.1,8.1,6.6,8.0,5.0,2.6,6.4,7.8,8.3,8.2,6.1,2.2,2.5,1.1,7.4,4.9,9.8,8.7,5.9,7.0,9.5,9.0,9.6,8.9,7.6,6.8,5.5,7.5,11.7,11.6,10.6,9.6,15.4,11.7,10.0,9.8,7.7,8.9,10.6,11.7,12.3,13.5,13.2,14.2,12.1,13.0,14.8,12.8,12.3,13.3,14.3,9.9,11.4,10.3,11.0,14.3,12.3,13.9,14.4,12.5,10.5,12.7,14.5,11.7,14.8,17.0,17.2,18.3,16.6,17.5,13.3,16.1,14.5,13.1,15.2,13.1,12.3,13.7,14.7,14.8,14.9,13.7,14.2,18.1,17.7,17.8,17.9,15.9,14.6,14.5,13.8,14.4,15.1,17.9,15.5,16.8,18.5,14.5,13.0,12.8,11.0,14.2,13.2,14.6,14.2,14.4,15.7,14.9,13.5,12.3,15.0,15.7,15.2,13.6,11.0,13.7,13.8,12.6,12.4,10.3,16.5,12.1,10.7,13.7,11.5,15.9,13.7,12.9,10.8,14.0,17.2,15.9,13.5,12.4,14.2,15.5,14.9,16.5,12.8,9.5,10.3,10.1,11.6,14.2,14.8,11.9,11.7,12.5,10.1,9.4,11.8,10.5,11.1,8.0,7.2,7.6,8.3,10.5,8.9,9.8,10.6,7.1,11.6,11.6,14.9,13.9,12.2,13.5,12.7,11.0,13.8,11.2,9.2,9.2,10.5,7.7,10.5,10.1,10.1,11.2,11.8,9.9,11.3,13.3,11.6,12.5,11.1,12.0,13.5,12.1,12.3,9.4,10.2,14.5,10.5,9.2,6.4,5.3,6.9,2.9,5.2,6.8,4.4,6.1,5.7,3.6,1.0,6.4,2.7,2.0,7.6,7.0,5.3,1.5,5.2,9.1,6.5,0.6,4.3,2.3,5.6,11.8,13.1,8.2,0.9,-0.4,2.5,6.0,3.1,1.8,0.0,2.9,2.7,6.5,4.0,7.0,8.5,4.7,1.1,-1.0,0.6,-0.3,-2.5,3.7,1.7,2.3,-0.7,-0.8,0.5,-1.1,6.8,9.2,9.0,8.6,8.2,6.7,3.8,1.0,-0.4,-0.4,5.5,7.4
0x2ba0e5f8d08b7171d5ad40cf520248d60874143d,5.5,0.8,0.6,3.5,0.4,-0.3,5.6,6.8,3.7,4.5,4.5,0.9,0.1,-0.3,0.9,3.1,1.3,2.3,5.5,-1.0,3.6,-2.1,-0.2,-0.5,0.0,-2.9,-2.6,2.5,1.1,4.8,4.4,5.6,7.6,5.9,1.4,2.6,0.45,4.2,2.3,2.2,1.0,1.7,3.1,3.6,4.2,6.5,5.9,6.0,5.0,6.8,10.0,6.3,6.6,3.4,2.5,4.7,8.4,2.0,0.6,1.4,1.7,3.2,5.8,3.9,3.6,2.5,5.6,4.0,3.8,8.3,7.6,3.9,6.6,5.9,6.3,4.0,11.0,11.0,4.8,3.2,4.5,6.7,6.2,0.6,6.7,5.9,5.5,9.4,12.2,9.4,6.5,5.5,6.1,3.8,3.0,4.6,4.3,2.7,6.6,5.5,3.0,7.0,3.6,7.6,5.3,4.2,6.0,5.3,1.6,4.1,5.9,6.0,5.2,2.4,0.3,2.1,0.2,3.5,6.5,8.7,9.4,8.6,8.8,8.9,8.7,8.6,8.4,8.2,2.7,2.1,4.8,9.5,9.3,9.2,6.9,14.6,10.3,8.5,9.4,8.0,6.8,8.7,10.9,11.8,11.5,12.7,13.9,13.3,11.7,12.4,9.3,11.0,13.2,11.8,8.4,8.6,10.5,10.8,11.5,11.0,11.9,13.3,11.4,11.2,11.6,13.1,12.0,13.9,16.3,17.1,14.8,14.6,13.9,12.9,14.5,10.8,8.2,13.1,12.2,13.2,13.2,13.6,10.9,10.4,11.7,13.0,13.4,14.7,12.7,11.7,13.6,11.5,11.0,9.8,13.1,12.8,12.9,10.4,15.4,16.2,10.8,9.4,12.3,10.4,13.8,12.3,11.6,10.7,12.0,12.9,12.8,12.2,11.7,12.7,14.1,12.3,10.3,9.3,12.3,13.3,13.8,11.4,9.9,13.9,10.4,12.9,12.7,10.3,14.0,10.1,9.6,11.3,10.1,15.9,14.6,10.8,10.8,14.0,10.3,14.1,12.8,10.4,8.7,8.8,9.8,10.4,13.2,14.2,11.5,10.2,9.7,9.7,7.8,10.3,10.0,9.1,8.2,7.4,9.2,9.8,10.6,7.8,7.8,10.1,6.3,11.5,12.3,14.2,13.5,12.6,11.8,10.6,8.3,12.6,11.6,9.7,10.2,8.8,7.2,10.6,9.5,9.0,12.2,11.2,9.2,11.1,13.6,11.4,10.5,10.1,9.8,13.2,10.1,11.0,7.9,7.5,11.5,10.9,9.2,6.9,7.5,6.4,4.6,6.9,7.6,7.5,7.6,5.6,3.5,0.8,5.3,2.7,4.3,6.3,3.0,3.0,1.6,5.5,8.8,2.4,1.2,2.9,0.7,4.7,9.8,12.4,4.9,1.5,0.6,2.2,3.5,1.6,1.0,0.3,3.1,1.7,4.2,1.3,5.2,7.3,2.8,-0.1,-0.8,-1.7,0.5,-1.7,2.2,1.4,1.3,-0.4,-1.9,0.9,0.9,3.5,6.3,7.1,6.5,8.4,5.8,2.1,0.6,0.2,-1.4,1.7,6.0
0x81886afb0168665ab1ae64ae171b776cb16952fc,1.2,-1.2,-0.7,0.0,-1.1,-1.5,5.4,7.1,3.5,3.5,4.5,0.3,-0.2,-0.4,1.3,3.6,2.1,0.5,2.0,-1.4,-1.6,-3.4,1.8,0.1,-0.2,-3.3,-3.3,3.0,0.5,4.7,4.0,8.1,9.2,3.8,1.3,1.4,-1.0,3.3,1.3,0.0,0.0,-0.2,0.9,1.6,1.3,7.5,5.2,6.2,4.0,5.0,9.6,8.9,9.7,3.6,1.5,5.1,7.0,2.1,0.9,2.4,4.4,4.1,5.4,4.0,2.2,2.2,6.4,6.5,5.7,9.0,7.7,3.8,5.9,5.6,5.5,2.6,10.2,10.3,5.8,2.6,3.9,3.2,3.8,1.9,3.3,3.4,3.4,9.8,11.9,8.6,7.6,5.4,4.1,6.2,3.4,3.6,3.7,3.4,7.3,5.8,4.2,6.2,4.4,6.7,6.7,5.9,4.1,1.8,1.0,6.0,9.4,6.0,4.6,2.5,0.2,0.8,0.6,5.7,5.2,8.1,7.2,4.7,5.8,7.0,6.0,7.6,6.7,5.5,4.6,1.1,3.6,9.3,10.8,10.4,9.0,14.1,9.1,6.6,8.6,6.6,7.5,9.3,10.5,11.4,13.7,12.3,13.5,12.5,14.4,13.7,12.7,12.3,13.4,11.9,8.4,8.6,9.5,10.0,12.3,10.9,12.6,13.4,12.1,11.0,11.4,13.2,11.1,14.5,15.1,17.9,17.4,12.7,14.8,12.3,15.2,12.2,8.8,12.6,10.9,10.5,12.3,12.8,11.5,12.0,13.0,11.3,14.2,15.6,14.9,15.4,13.6,12.1,12.1,12.0,14.0,14.1,13.4,8.3,14.8,15.3,12.5,12.5,11.7,11.6,11.9,10.8,13.7,12.1,12.2,12.7,12.5,12.3,11.4,13.4,14.7,13.4,12.3,9.4,13.7,11.9,11.1,8.2,9.2,12.9,9.2,10.4,12.5,9.4,13.7,10.4,10.2,10.0,12.9,16.1,14.7,11.1,10.2,13.5,11.6,13.3,13.1,10.9,7.1,7.5,8.2,10.0,12.9,12.2,9.6,9.7,10.4,9.2,7.8,10.2,9.6,8.8,7.4,6.5,7.1,6.7,9.0,5.9,7.9,9.6,4.8,11.2,10.5,13.4,11.3,12.4,12.3,9.5,9.5,12.9,9.8,8.0,9.0,9.8,7.0,10.6,10.0,11.5,11.9,11.1,8.7,10.7,13.0,11.8,12.6,9.7,8.7,11.5,10.7,10.9,8.9,8.7,12.4,8.8,7.3,5.7,5.1,3.7,2.3,6.7,6.5,4.6,8.8,4.8,1.7,1.0,5.2,2.6,3.2,6.0,5.1,2.5,0.6,5.3,9.5,1.8,0.7,3.5,0.4,5.6,11.4,12.2,5.8,1.3,0.0,1.4,3.5,1.6,0.4,-1.2,1.2,1.6,4.7,3.3,6.5,7.0,2.7,-0.7,-2.1,-1.0,-4.2,-4.5,2.1,1.8,0.5,-0.8,-0.6,0.6,-0.2,7.6,8.3,7.3,7.3,7.1,3.9,2.0,0.2,-0.8,-1.9,3.7,5.6
